rm -f main.aux main.bbl main.blg main.fdb_latexmk main.fls main.log main.out main.pdf main.synctex.gz main.toc
pdflatex -interaction=nonstopmode -halt-on-error -file-line-error main.tex
This is pdfTeX, Version 3.14159265-2.6-1.40.21 (TeX Live 2020) (preloaded format=pdflatex)
 restricted \write18 enabled.
entering extended mode
(./main.tex
LaTeX2e <2020-10-01> patch level 4
L3 programming layer <2021-02-18>
(/usr/share/texlive/texmf-dist/tex/latex/base/article.cls
Document Class: article 2020/04/10 v1.4m Standard LaTeX document class
(/usr/share/texlive/texmf-dist/tex/latex/base/size10.clo))
(./iclr2026_conference.sty
(/usr/share/texlive/texmf-dist/tex/latex/eso-pic/eso-pic.sty
(/usr/share/texlive/texmf-dist/tex/latex/graphics/keyval.sty)
(/usr/share/texlive/texmf-dist/tex/latex/xcolor/xcolor.sty
(/usr/share/texlive/texmf-dist/tex/latex/graphics-cfg/color.cfg)
(/usr/share/texlive/texmf-dist/tex/latex/graphics-def/pdftex.def)
(/usr/share/texlive/texmf-dist/tex/latex/graphics/dvipsnam.def)))
(./fancyhdr.sty) (/usr/share/texlive/texmf-dist/tex/latex/natbib/natbib.sty))
(/usr/share/texlive/texmf-dist/tex/latex/psnfss/times.sty)
(/usr/share/texlive/texmf-dist/tex/latex/base/inputenc.sty)
(/usr/share/texlive/texmf-dist/tex/latex/base/fontenc.sty
(/usr/share/texlive/texmf-dist/tex/latex/psnfss/t1ptm.fd))
(/usr/share/texlive/texmf-dist/tex/latex/microtype/microtype.sty
(/usr/share/texlive/texmf-dist/tex/latex/microtype/microtype-pdftex.def)
(/usr/share/texlive/texmf-dist/tex/latex/microtype/microtype.cfg))
(/usr/share/texlive/texmf-dist/tex/latex/graphics/graphicx.sty
(/usr/share/texlive/texmf-dist/tex/latex/graphics/graphics.sty
(/usr/share/texlive/texmf-dist/tex/latex/graphics/trig.sty)
(/usr/share/texlive/texmf-dist/tex/latex/graphics-cfg/graphics.cfg)))
(/usr/share/texlive/texmf-dist/tex/latex/pgf/frontendlayer/tikz.sty
(/usr/share/texlive/texmf-dist/tex/latex/pgf/basiclayer/pgf.sty
(/usr/share/texlive/texmf-dist/tex/latex/pgf/utilities/pgfrcs.sty
(/usr/share/texlive/texmf-dist/tex/generic/pgf/utilities/pgfutil-common.tex
(/usr/share/texlive/texmf-dist/tex/generic/pgf/utilities/pgfutil-common-lists.t
ex)) (/usr/share/texlive/texmf-dist/tex/generic/pgf/utilities/pgfutil-latex.def
) (/usr/share/texlive/texmf-dist/tex/generic/pgf/utilities/pgfrcs.code.tex
(/usr/share/texlive/texmf-dist/tex/generic/pgf/pgf.revision.tex)))
(/usr/share/texlive/texmf-dist/tex/latex/pgf/basiclayer/pgfcore.sty
(/usr/share/texlive/texmf-dist/tex/latex/pgf/systemlayer/pgfsys.sty
(/usr/share/texlive/texmf-dist/tex/generic/pgf/systemlayer/pgfsys.code.tex
(/usr/share/texlive/texmf-dist/tex/generic/pgf/utilities/pgfkeys.code.tex
(/usr/share/texlive/texmf-dist/tex/generic/pgf/utilities/pgfkeysfiltered.code.t
ex)) (/usr/share/texlive/texmf-dist/tex/generic/pgf/systemlayer/pgf.cfg)
(/usr/share/texlive/texmf-dist/tex/generic/pgf/systemlayer/pgfsys-pdftex.def
(/usr/share/texlive/texmf-dist/tex/generic/pgf/systemlayer/pgfsys-common-pdf.de
f)))
(/usr/share/texlive/texmf-dist/tex/generic/pgf/systemlayer/pgfsyssoftpath.code.
tex)
(/usr/share/texlive/texmf-dist/tex/generic/pgf/systemlayer/pgfsysprotocol.code.
tex))
(/usr/share/texlive/texmf-dist/tex/generic/pgf/basiclayer/pgfcore.code.tex
(/usr/share/texlive/texmf-dist/tex/generic/pgf/math/pgfmath.code.tex
(/usr/share/texlive/texmf-dist/tex/generic/pgf/math/pgfmathcalc.code.tex
(/usr/share/texlive/texmf-dist/tex/generic/pgf/math/pgfmathutil.code.tex)
(/usr/share/texlive/texmf-dist/tex/generic/pgf/math/pgfmathparser.code.tex)
(/usr/share/texlive/texmf-dist/tex/generic/pgf/math/pgfmathfunctions.code.tex
(/usr/share/texlive/texmf-dist/tex/generic/pgf/math/pgfmathfunctions.basic.code
.tex)
(/usr/share/texlive/texmf-dist/tex/generic/pgf/math/pgfmathfunctions.trigonomet
ric.code.tex)
(/usr/share/texlive/texmf-dist/tex/generic/pgf/math/pgfmathfunctions.random.cod
e.tex)
(/usr/share/texlive/texmf-dist/tex/generic/pgf/math/pgfmathfunctions.comparison
.code.tex)
(/usr/share/texlive/texmf-dist/tex/generic/pgf/math/pgfmathfunctions.base.code.
tex)
(/usr/share/texlive/texmf-dist/tex/generic/pgf/math/pgfmathfunctions.round.code
.tex)
(/usr/share/texlive/texmf-dist/tex/generic/pgf/math/pgfmathfunctions.misc.code.
tex)
(/usr/share/texlive/texmf-dist/tex/generic/pgf/math/pgfmathfunctions.integerari
thmetics.code.tex)))
(/usr/share/texlive/texmf-dist/tex/generic/pgf/math/pgfmathfloat.code.tex))
(/usr/share/texlive/texmf-dist/tex/generic/pgf/math/pgfint.code.tex)
(/usr/share/texlive/texmf-dist/tex/generic/pgf/basiclayer/pgfcorepoints.code.te
x)
(/usr/share/texlive/texmf-dist/tex/generic/pgf/basiclayer/pgfcorepathconstruct.
code.tex)
(/usr/share/texlive/texmf-dist/tex/generic/pgf/basiclayer/pgfcorepathusage.code
.tex)
(/usr/share/texlive/texmf-dist/tex/generic/pgf/basiclayer/pgfcorescopes.code.te
x)
(/usr/share/texlive/texmf-dist/tex/generic/pgf/basiclayer/pgfcoregraphicstate.c
ode.tex)
(/usr/share/texlive/texmf-dist/tex/generic/pgf/basiclayer/pgfcoretransformation
s.code.tex)
(/usr/share/texlive/texmf-dist/tex/generic/pgf/basiclayer/pgfcorequick.code.tex
)
(/usr/share/texlive/texmf-dist/tex/generic/pgf/basiclayer/pgfcoreobjects.code.t
ex)
(/usr/share/texlive/texmf-dist/tex/generic/pgf/basiclayer/pgfcorepathprocessing
.code.tex)
(/usr/share/texlive/texmf-dist/tex/generic/pgf/basiclayer/pgfcorearrows.code.te
x)
(/usr/share/texlive/texmf-dist/tex/generic/pgf/basiclayer/pgfcoreshade.code.tex
)
(/usr/share/texlive/texmf-dist/tex/generic/pgf/basiclayer/pgfcoreimage.code.tex

(/usr/share/texlive/texmf-dist/tex/generic/pgf/basiclayer/pgfcoreexternal.code.
tex))
(/usr/share/texlive/texmf-dist/tex/generic/pgf/basiclayer/pgfcorelayers.code.te
x)
(/usr/share/texlive/texmf-dist/tex/generic/pgf/basiclayer/pgfcoretransparency.c
ode.tex)
(/usr/share/texlive/texmf-dist/tex/generic/pgf/basiclayer/pgfcorepatterns.code.
tex)
(/usr/share/texlive/texmf-dist/tex/generic/pgf/basiclayer/pgfcorerdf.code.tex))
)
(/usr/share/texlive/texmf-dist/tex/generic/pgf/modules/pgfmoduleshapes.code.tex
) (/usr/share/texlive/texmf-dist/tex/generic/pgf/modules/pgfmoduleplot.code.tex
)
(/usr/share/texlive/texmf-dist/tex/latex/pgf/compatibility/pgfcomp-version-0-65
.sty)
(/usr/share/texlive/texmf-dist/tex/latex/pgf/compatibility/pgfcomp-version-1-18
.sty)) (/usr/share/texlive/texmf-dist/tex/latex/pgf/utilities/pgffor.sty
(/usr/share/texlive/texmf-dist/tex/latex/pgf/utilities/pgfkeys.sty
(/usr/share/texlive/texmf-dist/tex/generic/pgf/utilities/pgfkeys.code.tex))
(/usr/share/texlive/texmf-dist/tex/latex/pgf/math/pgfmath.sty
(/usr/share/texlive/texmf-dist/tex/generic/pgf/math/pgfmath.code.tex))
(/usr/share/texlive/texmf-dist/tex/generic/pgf/utilities/pgffor.code.tex
(/usr/share/texlive/texmf-dist/tex/generic/pgf/math/pgfmath.code.tex)))
(/usr/share/texlive/texmf-dist/tex/generic/pgf/frontendlayer/tikz/tikz.code.tex

(/usr/share/texlive/texmf-dist/tex/generic/pgf/libraries/pgflibraryplothandlers
.code.tex)
(/usr/share/texlive/texmf-dist/tex/generic/pgf/modules/pgfmodulematrix.code.tex
)
(/usr/share/texlive/texmf-dist/tex/generic/pgf/frontendlayer/tikz/libraries/tik
zlibrarytopaths.code.tex)))
(/usr/share/texlive/texmf-dist/tex/generic/pgf/libraries/pgflibraryarrows.meta.
code.tex)
(/usr/share/texlive/texmf-dist/tex/generic/pgf/frontendlayer/tikz/libraries/tik
zlibrarycalc.code.tex)
(/usr/share/texlive/texmf-dist/tex/generic/pgf/frontendlayer/tikz/libraries/tik
zlibrarypositioning.code.tex)
(/usr/share/texlive/texmf-dist/tex/latex/caption/subcaption.sty
(/usr/share/texlive/texmf-dist/tex/latex/caption/caption.sty
(/usr/share/texlive/texmf-dist/tex/latex/caption/caption3.sty)))
(/usr/share/texlive/texmf-dist/tex/latex/booktabs/booktabs.sty)
(/usr/share/texlive/texmf-dist/tex/latex/tools/tabularx.sty
(/usr/share/texlive/texmf-dist/tex/latex/tools/array.sty))
(/usr/share/texlive/texmf-dist/tex/latex/hyperref/hyperref.sty
(/usr/share/texlive/texmf-dist/tex/generic/ltxcmds/ltxcmds.sty)
(/usr/share/texlive/texmf-dist/tex/generic/iftex/iftex.sty)
(/usr/share/texlive/texmf-dist/tex/generic/pdftexcmds/pdftexcmds.sty
(/usr/share/texlive/texmf-dist/tex/generic/infwarerr/infwarerr.sty))
(/usr/share/texlive/texmf-dist/tex/generic/kvsetkeys/kvsetkeys.sty)
(/usr/share/texlive/texmf-dist/tex/generic/kvdefinekeys/kvdefinekeys.sty)
(/usr/share/texlive/texmf-dist/tex/generic/pdfescape/pdfescape.sty)
(/usr/share/texlive/texmf-dist/tex/latex/hycolor/hycolor.sty)
(/usr/share/texlive/texmf-dist/tex/latex/letltxmacro/letltxmacro.sty)
(/usr/share/texlive/texmf-dist/tex/latex/auxhook/auxhook.sty)
(/usr/share/texlive/texmf-dist/tex/latex/kvoptions/kvoptions.sty)
(/usr/share/texlive/texmf-dist/tex/latex/hyperref/pd1enc.def)
(/usr/share/texlive/texmf-dist/tex/latex/hyperref/hyperref-langpatches.def)
(/usr/share/texlive/texmf-dist/tex/generic/intcalc/intcalc.sty)
(/usr/share/texlive/texmf-dist/tex/generic/etexcmds/etexcmds.sty)
(/usr/share/texlive/texmf-dist/tex/latex/hyperref/puenc.def)
(/usr/share/texlive/texmf-dist/tex/latex/url/url.sty)
(/usr/share/texlive/texmf-dist/tex/generic/bitset/bitset.sty
(/usr/share/texlive/texmf-dist/tex/generic/bigintcalc/bigintcalc.sty))
(/usr/share/texlive/texmf-dist/tex/latex/base/atbegshi-ltx.sty))
(/usr/share/texlive/texmf-dist/tex/latex/hyperref/hpdftex.def
(/usr/share/texlive/texmf-dist/tex/latex/base/atveryend-ltx.sty)
(/usr/share/texlive/texmf-dist/tex/latex/rerunfilecheck/rerunfilecheck.sty
(/usr/share/texlive/texmf-dist/tex/generic/uniquecounter/uniquecounter.sty)))
(/usr/share/texlive/texmf-dist/tex/latex/amsmath/amsmath.sty
For additional information on amsmath, use the `?' option.
(/usr/share/texlive/texmf-dist/tex/latex/amsmath/amstext.sty
(/usr/share/texlive/texmf-dist/tex/latex/amsmath/amsgen.sty))
(/usr/share/texlive/texmf-dist/tex/latex/amsmath/amsbsy.sty)
(/usr/share/texlive/texmf-dist/tex/latex/amsmath/amsopn.sty))
(/usr/share/texlive/texmf-dist/tex/latex/amsfonts/amssymb.sty
(/usr/share/texlive/texmf-dist/tex/latex/amsfonts/amsfonts.sty))
(/usr/share/texlive/texmf-dist/tex/latex/mathtools/mathtools.sty
(/usr/share/texlive/texmf-dist/tex/latex/tools/calc.sty)
(/usr/share/texlive/texmf-dist/tex/latex/mathtools/mhsetup.sty))
(/usr/share/texlive/texmf-dist/tex/latex/amscls/amsthm.sty) (./algorithm.sty
Document Style `algorithm' - floating environment
(/usr/share/texlive/texmf-dist/tex/latex/float/float.sty)
(/usr/share/texlive/texmf-dist/tex/latex/base/ifthen.sty)) (./algorithmic.sty
Document Style `algorithmic' - environment
) (/usr/share/texlive/texmf-dist/tex/latex/enumitem/enumitem.sty)
(/usr/share/texlive/texmf-dist/tex/latex/l3backend/l3backend-pdftex.def)
No file main.aux.
(/usr/share/texlive/texmf-dist/tex/context/base/mkii/supp-pdf.mkii
[Loading MPS to PDF converter (version 2006.09.02).]
) (/usr/share/texlive/texmf-dist/tex/latex/epstopdf-pkg/epstopdf-base.sty
(/usr/share/texlive/texmf-dist/tex/latex/latexconfig/epstopdf-sys.cfg))
(/usr/share/texlive/texmf-dist/tex/latex/microtype/mt-ptm.cfg)
(/usr/share/texlive/texmf-dist/tex/latex/hyperref/nameref.sty
(/usr/share/texlive/texmf-dist/tex/latex/refcount/refcount.sty)
(/usr/share/texlive/texmf-dist/tex/generic/gettitlestring/gettitlestring.sty))
(/usr/share/texlive/texmf-dist/tex/latex/microtype/mt-cmr.cfg)
(/usr/share/texlive/texmf-dist/tex/latex/amsfonts/umsa.fd)
(/usr/share/texlive/texmf-dist/tex/latex/microtype/mt-msa.cfg)
(/usr/share/texlive/texmf-dist/tex/latex/amsfonts/umsb.fd)
(/usr/share/texlive/texmf-dist/tex/latex/microtype/mt-msb.cfg)

Package natbib Warning: Citation `TRM2025' on page 1 undefined on input line 12
9.


Package natbib Warning: Citation `BertsekasTsitsiklis1996' on page 1 undefined 
on input line 129.


Package natbib Warning: Citation `KakadeLangford2002' on page 1 undefined on in
put line 129.


LaTeX Warning: Reference `prop:error_bounds' on page 1 undefined on input line 
133.


LaTeX Warning: Reference `cor:epsA_dials' on page 1 undefined on input line 133
.


LaTeX Warning: Reference `thm:monotone_with_error' on page 1 undefined on input
 line 133.

[1{/usr/share/texlive/texmf-dist/fonts/map/pdftex/updmap/pdftex.map}]
(/usr/share/texlive/texmf-dist/tex/latex/psnfss/ts1ptm.fd)

LaTeX Warning: Reference `prop:error_bounds' on page 2 undefined on input line 
141.


LaTeX Warning: Reference `cor:epsA_dials' on page 2 undefined on input line 141
.


LaTeX Warning: Reference `thm:monotone_with_error' on page 2 undefined on input
 line 142.


LaTeX Warning: Reference `cor:cpi_dials_main' on page 2 undefined on input line
 142.

(./figures/trm_to_mdp_bridge.tex)

Package natbib Warning: Citation `TRM2025' on page 2 undefined on input line 15
1.


Package natbib Warning: Citation `TRM2025' on page 2 undefined on input line 15
1.


Package natbib Warning: Citation `TRM2025' on page 2 undefined on input line 15
9.


Package natbib Warning: Citation `HRM2025' on page 2 undefined on input line 15
9.


Package natbib Warning: Citation `Qasim2025CGAR' on page 2 undefined on input l
ine 159.


Package natbib Warning: Citation `McGovern2025TRMAdapt' on page 2 undefined on 
input line 159.


Package natbib Warning: Citation `Bai2019DEQ' on page 2 undefined on input line
 159.


Underfull \vbox (badness 2065) has occurred while \output is active [2]

Package natbib Warning: Citation `KakadeLangford2002' on page 3 undefined on in
put line 162.


Package natbib Warning: Citation `Schulman2015TRPO' on page 3 undefined on inpu
t line 162.


Package natbib Warning: Citation `Pirotta2013SafePI' on page 3 undefined on inp
ut line 162.


Package natbib Warning: Citation `Metelli2021SafePI' on page 3 undefined on inp
ut line 162.


Package natbib Warning: Citation `Eshwar2025MonotoneCPI' on page 3 undefined on
 input line 162.


Package natbib Warning: Citation `Metelli2021SafePI' on page 3 undefined on inp
ut line 162.


Package natbib Warning: Citation `Eshwar2025MonotoneCPI' on page 3 undefined on
 input line 162.


Package natbib Warning: Citation `Wang2025OneShotRLVR' on page 3 undefined on i
nput line 162.


Package natbib Warning: Citation `Su2025RewardBridge' on page 3 undefined on in
put line 162.


Package natbib Warning: Citation `DeepSeekR1' on page 3 undefined on input line
 162.


Package natbib Warning: Citation `Tamar2016VIN' on page 3 undefined on input li
ne 165.


Package natbib Warning: Citation `janner2021trajectory' on page 3 undefined on 
input line 165.


Package natbib Warning: Citation `chen2021decision' on page 3 undefined on inpu
t line 165.


Package natbib Warning: Citation `laskin2022context' on page 3 undefined on inp
ut line 165.


Package natbib Warning: Citation `Daume2009SEARN' on page 3 undefined on input 
line 165.


Package natbib Warning: Citation `Ross2011DAgger' on page 3 undefined on input 
line 165.


Package natbib Warning: Citation `Chang2015LOLS' on page 3 undefined on input l
ine 165.


Package natbib Warning: Citation `Mehta2021SudokuRL' on page 3 undefined on inp
ut line 165.


Package natbib Warning: Citation `Klein2022SudokuRL' on page 3 undefined on inp
ut line 165.


Package natbib Warning: Citation `TRM2025' on page 3 undefined on input line 17
1.


LaTeX Warning: Reference `ass:Lip' on page 3 undefined on input line 171.


LaTeX Warning: Reference `eq:projection' on page 3 undefined on input line 171.



Package natbib Warning: Citation `Ng1999Shaping' on page 3 undefined on input l
ine 177.


LaTeX Warning: Reference `app:persistent_latent' on page 3 undefined on input l
ine 180.


LaTeX Warning: Reference `app:adv_closure_full' on page 3 undefined on input li
ne 183.


LaTeX Warning: Reference `app:notation' on page 3 undefined on input line 183.


LaTeX Warning: Reference `alg:upi' on page 3 undefined on input line 187.


Underfull \vbox (badness 3701) has occurred while \output is active [3]

LaTeX Warning: Reference `thm:monotone_with_error' on page 4 undefined on input
 line 209.


LaTeX Warning: Reference `thm:monotone_with_error' on page 4 undefined on input
 line 209.


LaTeX Warning: Reference `cor:cpi_centering_defect' on page 4 undefined on inpu
t line 209.


LaTeX Warning: Reference `app:persistent_latent' on page 4 undefined on input l
ine 211.


LaTeX Warning: Reference `app:implementation' on page 4 undefined on input line
 211.


Package natbib Warning: Citation `SuttonBarto2018' on page 4 undefined on input
 line 217.


Package natbib Warning: Citation `Puterman1994' on page 4 undefined on input li
ne 217.


LaTeX Warning: Reference `ass:Lip' on page 4 undefined on input line 231.


LaTeX Warning: Reference `app:latent_collapse_diagnostic' on page 4 undefined o
n input line 231.


LaTeX Warning: Reference `app:exp2_sweep' on page 4 undefined on input line 231
.


LaTeX Warning: Reference `app:exp2_sweep' on page 4 undefined on input line 233
.


LaTeX Warning: Reference `tab:exp2_dial_failure' on page 4 undefined on input l
ine 233.


LaTeX Warning: Reference `app:episodic_z_hard_suite_rerun' on page 4 undefined 
on input line 233.

[4]

Package natbib Warning: Citation `KakadeLangford2002' on page 5 undefined on in
put line 238.


LaTeX Warning: Reference `app:persistent_latent' on page 5 undefined on input l
ine 238.


Package hyperref Warning: Token not allowed in a PDF string (Unicode):
(hyperref)                removing `math shift' on input line 240.


Package hyperref Warning: Token not allowed in a PDF string (Unicode):
(hyperref)                removing `math shift' on input line 240.


LaTeX Warning: Reference `prop:banach' on page 5 undefined on input line 256.


LaTeX Warning: Reference `ass:Lip' on page 5 undefined on input line 260.


LaTeX Warning: Reference `rem:finite_R_Cz' on page 5 undefined on input line 27
1.


LaTeX Warning: Reference `prop:proj_sat_contraction' on page 5 undefined on inp
ut line 273.


LaTeX Warning: Reference `prop:proj_residual_anchor' on page 5 undefined on inp
ut line 278.


LaTeX Warning: Reference `rem:residual_bridge' on page 5 undefined on input lin
e 283.


LaTeX Warning: Reference `eq:Ahat_def_app' on page 5 undefined on input line 30
1.


LaTeX Warning: Reference `ass:Ahat_error_bound' on page 5 undefined on input li
ne 301.


LaTeX Warning: Reference `thm:monotone_with_error' on page 5 undefined on input
 line 308.


LaTeX Warning: Reference `prop:error_bounds' on page 5 undefined on input line 
322.


LaTeX Warning: Reference `app:finite_mdp_certificate' on page 5 undefined on in
put line 322.

[5]

LaTeX Warning: Reference `cor:finite_depth_residual_certificate' on page 6 unde
fined on input line 324.


LaTeX Warning: Reference `ass:Lip' on page 6 undefined on input line 328.


LaTeX Warning: Reference `eq:Ahat_def_app' on page 6 undefined on input line 32
8.


LaTeX Warning: Reference `ass:Ahat_error_bound' on page 6 undefined on input li
ne 328.


LaTeX Warning: Reference `eq:Ahat_def_app' on page 6 undefined on input line 33
9.


LaTeX Warning: Reference `def:adv_closure' on page 6 undefined on input line 33
9.


LaTeX Warning: Reference `rem:A_error_kstep_app' on page 6 undefined on input l
ine 339.


LaTeX Warning: Reference `prop:error_bounds' on page 6 undefined on input line 
339.


LaTeX Warning: Reference `cor:epsA_dials' on page 6 undefined on input line 339
.


LaTeX Warning: Reference `thm:monotone_with_error' on page 6 undefined on input
 line 339.


LaTeX Warning: Reference `app:adv_closure_full' on page 6 undefined on input li
ne 356.


LaTeX Warning: Reference `ass:Ahat_error_bound' on page 6 undefined on input li
ne 361.


LaTeX Warning: Reference `eq:centering_condition' on page 6 undefined on input 
line 392.


LaTeX Warning: Reference `alg:upi' on page 6 undefined on input line 392.


LaTeX Warning: Reference `cor:cpi_centering_defect' on page 6 undefined on inpu
t line 392.


LaTeX Warning: Reference `tab:diagnostics' on page 6 undefined on input line 39
4.


LaTeX Warning: Reference `rem:residual_bridge' on page 6 undefined on input lin
e 394.


LaTeX Warning: Reference `tab:episodic_z_penalty' on page 6 undefined on input 
line 394.

[6]

LaTeX Warning: Reference `thm:monotone_with_error' on page 7 undefined on input
 line 398.


LaTeX Warning: Reference `cor:epsA_dials' on page 7 undefined on input line 408
.


LaTeX Warning: Reference `eq:sufficient_improvement_condition' on page 7 undefi
ned on input line 409.


LaTeX Warning: Reference `thm:monotone_with_error' on page 7 undefined on input
 line 420.


LaTeX Warning: Reference `eq:centering_condition' on page 7 undefined on input 
line 420.


LaTeX Warning: Reference `cor:cpi_centering_defect' on page 7 undefined on inpu
t line 420.


LaTeX Warning: Reference `cor:epsA_dials' on page 7 undefined on input line 424
.


LaTeX Warning: Reference `thm:monotone_with_error' on page 7 undefined on input
 line 424.


LaTeX Warning: Reference `cor:cpi_dials_main' on page 7 undefined on input line
 442.


LaTeX Warning: Reference `eq:main_bound_dials' on page 7 undefined on input lin
e 442.


LaTeX Warning: Reference `tab:exp1_value_head_lipschitz' on page 7 undefined on
 input line 442.


LaTeX Warning: Reference `app:exp2_sweep' on page 7 undefined on input line 442
.


LaTeX Warning: Reference `tab:exp2_dial_failure' on page 7 undefined on input l
ine 442.


LaTeX Warning: Reference `app:finite_mdp_certificate' on page 7 undefined on in
put line 444.


LaTeX Warning: Reference `fig:finite_mdp_certificate_main' on page 7 undefined 
on input line 444.


LaTeX Warning: Reference `eq:main_bound_dials' on page 7 undefined on input lin
e 446.


LaTeX Warning: Reference `eq:main_bound_proj' on page 7 undefined on input line
 446.


LaTeX Warning: Reference `app:projection_theory' on page 7 undefined on input l
ine 446.


LaTeX Warning: Reference `app:exp2_sweep' on page 7 undefined on input line 446
.


LaTeX Warning: Reference `app:persistent_latent' on page 7 undefined on input l
ine 446.


LaTeX Warning: Reference `sec:setup' on page 7 undefined on input line 454.


LaTeX Warning: Reference `app:equalized_baselines' on page 7 undefined on input
 line 454.


LaTeX Warning: Reference `app:finite_mdp_certificate' on page 7 undefined on in
put line 454.


Package hyperref Warning: Token not allowed in a PDF string (Unicode):
(hyperref)                removing `math shift' on input line 456.


Package hyperref Warning: Token not allowed in a PDF string (Unicode):
(hyperref)                removing `\times' on input line 456.


Package hyperref Warning: Token not allowed in a PDF string (Unicode):
(hyperref)                removing `math shift' on input line 456.

[7]

LaTeX Warning: Reference `app:headline_significance' on page 8 undefined on inp
ut line 483.


LaTeX Warning: Reference `tab:hard_suite_anchor' on page 8 undefined on input l
ine 485.


LaTeX Warning: Reference `app:equalized_baselines' on page 8 undefined on input
 line 485.


LaTeX Warning: Reference `cor:persistent_cpi_augmented' on page 8 undefined on 
input line 487.


LaTeX Warning: Reference `ass:twotimescale' on page 8 undefined on input line 4
87.


LaTeX Warning: Reference `rem:reasoning_manifold' on page 8 undefined on input 
line 487.


LaTeX Warning: Reference `rem:persistent_augmented_scope' on page 8 undefined o
n input line 487.


LaTeX Warning: Reference `thm:monotone_with_error' on page 8 undefined on input
 line 487.


LaTeX Warning: Reference `cor:cpi_centering_defect' on page 8 undefined on inpu
t line 487.


LaTeX Warning: Reference `app:episodic_z_hard_suite_rerun' on page 8 undefined 
on input line 489.


LaTeX Warning: Reference `tab:controlled_2x2_main_body' on page 8 undefined on 
input line 513.


LaTeX Warning: Reference `eq:main_bound_proj' on page 8 undefined on input line
 513.


LaTeX Warning: Reference `eq:main_bound_proj' on page 8 undefined on input line
 513.


LaTeX Warning: Reference `app:depth_mismatch_main' on page 8 undefined on input
 line 515.


Underfull \vbox (badness 1888) has occurred while \output is active [8]
No file main.bbl.
[9]
Underfull \hbox (badness 4303) in paragraph at lines 548--549
[][]\T1/ptm/b/n/10 (+20) Assumption A.1 \T1/ptm/m/n/10 (+20) (Bounded re-wards)
\T1/ptm/b/n/10 (+20) . []\T1/ptm/m/n/10 (+20) Potential-shaped re-wards are uni
-formly bounded:

LaTeX Warning: Reference `ass:Lip' on page 10 undefined on input line 579.


Package hyperref Warning: Token not allowed in a PDF string (Unicode):
(hyperref)                removing `math shift' on input line 621.


Package hyperref Warning: Token not allowed in a PDF string (Unicode):
(hyperref)                removing `math shift' on input line 621.


Package hyperref Warning: Token not allowed in a PDF string (Unicode):
(hyperref)                removing `math shift' on input line 624.


Package hyperref Warning: Token not allowed in a PDF string (Unicode):
(hyperref)                removing `math shift' on input line 624.


LaTeX Warning: Reference `ass:twotimescale' on page 10 undefined on input line 
646.


LaTeX Warning: Reference `lem:interior_proj' on page 10 undefined on input line
 647.

[10]

LaTeX Warning: Reference `ass:Lip' on page 11 undefined on input line 662.


LaTeX Warning: Reference `rem:reasoning_manifold' on page 11 undefined on input
 line 669.


LaTeX Warning: Reference `ass:twotimescale' on page 11 undefined on input line 
676.


LaTeX Warning: Reference `rem:Lzstar_implicit' on page 11 undefined on input li
ne 683.


LaTeX Warning: Reference `eq:Lzstar_bound' on page 11 undefined on input line 6
84.


LaTeX Warning: Reference `ass:twotimescale' on page 11 undefined on input line 
689.


LaTeX Warning: Reference `ass:Lip' on page 11 undefined on input line 697.


LaTeX Warning: Reference `ass:twotimescale' on page 11 undefined on input line 
697.

[11]

LaTeX Warning: Reference `eq:tracking_recursion' on page 12 undefined on input 
line 715.


LaTeX Warning: Reference `eq:Cdrift_def' on page 12 undefined on input line 716
.


LaTeX Warning: Reference `app:proofs' on page 12 undefined on input line 720.


LaTeX Warning: Reference `eq:Cdrift_def' on page 12 undefined on input line 727
.


LaTeX Warning: Reference `ass:twotimescale' on page 12 undefined on input line 
750.


LaTeX Warning: Reference `sec:cpi' on page 12 undefined on input line 751.


LaTeX Warning: Reference `app:adv_closure_full' on page 12 undefined on input l
ine 751.


LaTeX Warning: Reference `ass:Lip' on page 12 undefined on input line 767.


LaTeX Warning: Reference `ass:twotimescale' on page 12 undefined on input line 
767.


LaTeX Warning: Reference `eq:LV_def' on page 12 undefined on input line 767.


LaTeX Warning: Reference `ass:Ahat_error_bound' on page 12 undefined on input l
ine 767.


LaTeX Warning: Reference `eq:centering_condition' on page 12 undefined on input
 line 767.


LaTeX Warning: Reference `ass:twotimescale' on page 12 undefined on input line 
768.


LaTeX Warning: Reference `rem:reasoning_manifold' on page 12 undefined on input
 line 768.


LaTeX Warning: Reference `cor:epsA_dials' on page 12 undefined on input line 79
9.


LaTeX Warning: Reference `thm:monotone_with_error' on page 12 undefined on inpu
t line 799.


LaTeX Warning: Reference `cor:persistent_cpi_augmented' on page 12 undefined on
 input line 804.


LaTeX Warning: Reference `cor:persistent_cpi_augmented' on page 12 undefined on
 input line 808.

[12]

LaTeX Warning: Reference `tab:diagnostics' on page 13 undefined on input line 8
15.


LaTeX Warning: Reference `fig:finite_mdp_certificate_main' on page 13 undefined
 on input line 830.


LaTeX Warning: Reference `prop:error_bounds' on page 13 undefined on input line
 830.


LaTeX Warning: Reference `cor:finite_depth_residual_certificate' on page 13 und
efined on input line 830.


LaTeX Warning: Reference `ass:Lip' on page 13 undefined on input line 857.


LaTeX Warning: Reference `ass:Lip' on page 13 undefined on input line 858.


LaTeX Warning: Reference `prop:proj_sat_contraction' on page 13 undefined on in
put line 859.


LaTeX Warning: Reference `prop:proj_sat_contraction' on page 13 undefined on in
put line 860.


LaTeX Warning: Reference `app:exp2_sweep' on page 13 undefined on input line 86
1.


LaTeX Warning: Reference `ass:Lip' on page 13 undefined on input line 862.


LaTeX Warning: Reference `eq:LV_def' on page 13 undefined on input line 863.


LaTeX Warning: Reference `prop:proj_residual_anchor' on page 13 undefined on in
put line 863.


LaTeX Warning: Reference `tab:exp1_value_head_lipschitz' on page 13 undefined o
n input line 863.


LaTeX Warning: Reference `prop:proj_residual_anchor' on page 13 undefined on in
put line 864.


LaTeX Warning: Reference `thm:monotone_with_error' on page 13 undefined on inpu
t line 866.


LaTeX Warning: Reference `thm:monotone_with_error' on page 13 undefined on inpu
t line 867.


LaTeX Warning: Reference `app:implementation' on page 13 undefined on input lin
e 868.


LaTeX Warning: Reference `tab:exp1_value_head_lipschitz' on page 13 undefined o
n input line 874.

[13 <./results/finite_mdp_certificate/fig_value_decomposition.png> <./results/f
inite_mdp_certificate/fig_cpi_certificate.png>]
(./tables/table_exp1_value_head_lipschitz.tex)

LaTeX Warning: Reference `ass:Lip' on page 14 undefined on input line 880.


Package natbib Warning: Citation `Miyato2018' on page 14 undefined on input lin
e 881.


LaTeX Warning: Reference `ass:Lip' on page 14 undefined on input line 909.

[14]

Package hyperref Warning: Token not allowed in a PDF string (Unicode):
(hyperref)                removing `math shift' on input line 911.


Package hyperref Warning: Token not allowed in a PDF string (Unicode):
(hyperref)                removing `\leavevmode@ifvmode' on input line 911.


Package hyperref Warning: Token not allowed in a PDF string (Unicode):
(hyperref)                \kern -1.66702pt
(hyperref)                removed on input line 911.


Package hyperref Warning: Token not allowed in a PDF string (Unicode):
(hyperref)                removing `\to' on input line 911.


Package hyperref Warning: Token not allowed in a PDF string (Unicode):
(hyperref)                removing `\leavevmode@ifvmode' on input line 911.


Package hyperref Warning: Token not allowed in a PDF string (Unicode):
(hyperref)                \kern -1.66702pt
(hyperref)                removed on input line 911.


Package hyperref Warning: Token not allowed in a PDF string (Unicode):
(hyperref)                removing `math shift' on input line 911.

[15]

LaTeX Warning: Reference `app:depth_mismatch_main' on page 16 undefined on inpu
t line 960.


LaTeX Warning: Reference `tab:unroll_sensitivity' on page 16 undefined on input
 line 982.


LaTeX Warning: Reference `tab:radius_sweep' on page 16 undefined on input line 
982.


LaTeX Warning: Reference `sec:isolation_study' on page 16 undefined on input li
ne 982.

(./tables/table_exp1_unroll_sensitivity.tex)
(./tables/table_exp1_radius_sweep_main.tex)

Package hyperref Warning: Token not allowed in a PDF string (Unicode):
(hyperref)                removing `math shift' on input line 987.


Package hyperref Warning: Token not allowed in a PDF string (Unicode):
(hyperref)                removing `math shift' on input line 987.


LaTeX Warning: Reference `rem:finite_R_Cz' on page 16 undefined on input line 9
90.


LaTeX Warning: Reference `sec:isolation_study' on page 16 undefined on input li
ne 990.

(/usr/share/texlive/texmf-dist/tex/latex/psnfss/t1pcr.fd) [16]

LaTeX Warning: Reference `sec:isolation_study' on page 17 undefined on input li
ne 1018.


LaTeX Warning: Reference `fig:exp1_unroll_sensitivity_b1' on page 17 undefined 
on input line 1021.


LaTeX Warning: Reference `sec:isolation_study' on page 17 undefined on input li
ne 1034.

(./tables/table_exp1_radius_sweep_appendix.tex)
Underfull \hbox (badness 10000) in paragraph at lines 1048--1050
\T1/ptm/m/n/10 (+20) All mod-els are trained on the same 4$\OMS/cmsy/m/n/10 ^^B
$\T1/ptm/m/n/10 (+20) 4 Su-doku suite (1--4 emp-ties) with

LaTeX Warning: Reference `fig:exp2_dial_does_not_control_Lz' on page 17 undefin
ed on input line 1051.


LaTeX Warning: Reference `tab:exp2_dial_failure' on page 17 undefined on input 
line 1051.

(./tables/table_exp2_dial_does_not_control_Lz.tex)

LaTeX Warning: Reference `fig:exp2_projection_stabilizer' on page 17 undefined 
on input line 1066.


LaTeX Warning: Reference `tab:exp2_projection_stabilizer' on page 17 undefined 
on input line 1066.

(./tables/table_exp2_projection_effect.tex) [17] [18 <./figures/fig_exp1_finite
_r_primary_b0.png> <./figures/fig_exp1_finite_r_mechanism_b0.png> <./figures/fi
g_exp1_finite_r_theory_b0.png>] [19 <./figures/fig_exp1_unroll_sensitivity_appe
ndix.pdf> <./figures/fig_exp1_radius_sweep_appendix.pdf> <./figures/fig_exp2_di
al_does_not_control_Lz.pdf>]

LaTeX Warning: Reference `app:exp2_sweep' on page 20 undefined on input line 10
86.

(./tables/table_exp4_projection_free_dial_range_test.tex)
(./tables/table_exp3_projection_ablation.tex)

LaTeX Warning: Reference `app:depth_mismatch_main' on page 20 undefined on inpu
t line 1107.


LaTeX Warning: Reference `tab:exp4_projection_free_dial_v2' on page 20 undefine
d on input line 1108.

(./tables/table_exp4_projection_free_dial_v2.tex [20 <./figures/fig_exp2_projec
tion_is_primary_stabilizer.pdf>])

LaTeX Warning: Reference `tab:upi_success_only' on page 21 undefined on input l
ine 1116.


LaTeX Warning: Reference `tab:upi_success_only' on page 21 undefined on input l
ine 1116.


LaTeX Warning: Reference `tab:exp5-tradeoff' on page 21 undefined on input line
 1119.

(./tables/table_exp5_tradeoff_curve.tex)

LaTeX Warning: Reference `fig:exp5_L_vs_metrics' on page 21 undefined on input 
line 1123.


LaTeX Warning: Reference `tab:upi_success_only' on page 21 undefined on input l
ine 1132.


LaTeX Warning: Reference `tab:upi_success_only' on page 21 undefined on input l
ine 1132.


Package hyperref Warning: Token not allowed in a PDF string (Unicode):
(hyperref)                removing `math shift' on input line 1139.


Package hyperref Warning: Token not allowed in a PDF string (Unicode):
(hyperref)                removing `\times' on input line 1139.


Package hyperref Warning: Token not allowed in a PDF string (Unicode):
(hyperref)                removing `math shift' on input line 1139.


Package hyperref Warning: Token not allowed in a PDF string (Unicode):
(hyperref)                removing `math shift' on input line 1153.


Package hyperref Warning: Token not allowed in a PDF string (Unicode):
(hyperref)                removing `\times' on input line 1153.


Package hyperref Warning: Token not allowed in a PDF string (Unicode):
(hyperref)                removing `math shift' on input line 1153.


Package hyperref Warning: Token not allowed in a PDF string (Unicode):
(hyperref)                removing `math shift' on input line 1153.


Package hyperref Warning: Token not allowed in a PDF string (Unicode):
(hyperref)                removing `\times' on input line 1153.


Package hyperref Warning: Token not allowed in a PDF string (Unicode):
(hyperref)                removing `math shift' on input line 1153.


LaTeX Warning: Reference `eq:main_bound_proj' on page 21 undefined on input lin
e 1175.

[21]

LaTeX Warning: Reference `fig:exp1_unroll_sensitivity' on page 22 undefined on 
input line 1190.


LaTeX Warning: Reference `app:exp1_tables' on page 22 undefined on input line 1
190.


LaTeX Warning: Reference `app:exp1_b1' on page 22 undefined on input line 1190.



Package hyperref Warning: Token not allowed in a PDF string (Unicode):
(hyperref)                removing `math shift' on input line 1192.


Package hyperref Warning: Token not allowed in a PDF string (Unicode):
(hyperref)                removing `\times' on input line 1192.


Package hyperref Warning: Token not allowed in a PDF string (Unicode):
(hyperref)                removing `math shift' on input line 1192.


Package hyperref Warning: Token not allowed in a PDF string (Unicode):
(hyperref)                removing `math shift' on input line 1192.


Package hyperref Warning: Token not allowed in a PDF string (Unicode):
(hyperref)                removing `\times' on input line 1192.


Package hyperref Warning: Token not allowed in a PDF string (Unicode):
(hyperref)                removing `math shift' on input line 1192.


LaTeX Warning: Reference `fig:feasibility_6to8empties_appendix' on page 22 unde
fined on input line 1196.


LaTeX Warning: Reference `fig:controlled_2x2_bar' on page 22 undefined on input
 line 1196.


LaTeX Warning: Reference `sec:isolation_study' on page 22 undefined on input li
ne 1213.


LaTeX Warning: Reference `app:exp2_sweep' on page 22 undefined on input line 12
14.


LaTeX Warning: Reference `app:exp3_projection_ablation' on page 22 undefined on
 input line 1215.


LaTeX Warning: Reference `app:exp4_projection_free_dial_v2' on page 22 undefine
d on input line 1216.


LaTeX Warning: Reference `app:exp5_tradeoff_curve' on page 22 undefined on inpu
t line 1217.


LaTeX Warning: Reference `tab:upi_success_only' on page 22 undefined on input l
ine 1217.

[22]

LaTeX Warning: Reference `tab:hard_suite_anchor' on page 23 undefined on input 
line 1226.

[23 <./figures/fig_exp5_L_vs_metrics.pdf>]

LaTeX Warning: Reference `tab:hard_suite_anchor' on page 24 undefined on input 
line 1243.


LaTeX Warning: Reference `sec:harder_puzzles' on page 24 undefined on input lin
e 1248.

[24 <./figures/table3_hard_controlled_curves.pdf>] [25 <./figures/fig_exp1_unro
ll_sensitivity_main.pdf> <./figures/table3_hard_controlled_2x2_bar.pdf>]

Package hyperref Warning: Token not allowed in a PDF string (Unicode):
(hyperref)                removing `math shift' on input line 1258.


Package hyperref Warning: Token not allowed in a PDF string (Unicode):
(hyperref)                removing `math shift' on input line 1258.


LaTeX Warning: Reference `tab:hard_suite_anchor' on page 26 undefined on input 
line 1261.


LaTeX Warning: Reference `tab:episodic_z_branch_d' on page 26 undefined on inpu
t line 1265.


LaTeX Warning: Reference `tab:hard_suite_anchor' on page 26 undefined on input 
line 1265.


LaTeX Warning: Reference `sec:harder_puzzles' on page 26 undefined on input lin
e 1265.


LaTeX Warning: Reference `tab:episodic_z_penalty' on page 26 undefined on input
 line 1292.


LaTeX Warning: Reference `tab:notation' on page 26 undefined on input line 1315
.


Underfull \vbox (badness 2653) has occurred while \output is active [26]

LaTeX Warning: Reference `def:adv_closure' on page 27 undefined on input line 1
359.


LaTeX Warning: Reference `def:adv_closure' on page 27 undefined on input line 1
385.

[27]

LaTeX Warning: Reference `eq:cpi_bound' on page 28 undefined on input line 1425
.


Package natbib Warning: Citation `KakadeLangford2002' on page 28 undefined on i
nput line 1425.


Package natbib Warning: Citation `KakadeLangford2002' on page 28 undefined on i
nput line 1446.

[28]

LaTeX Warning: Reference `eq:cpi_bound' on page 29 undefined on input line 1554
.


LaTeX Warning: Reference `thm:monotone_with_error' on page 29 undefined on inpu
t line 1558.


LaTeX Warning: Reference `eq:centering_condition' on page 29 undefined on input
 line 1558.

[29]

LaTeX Warning: Reference `eq:cpi_centering_defect_bound' on page 30 undefined o
n input line 1615.


LaTeX Warning: Reference `cor:finite_depth_residual_certificate' on page 30 und
efined on input line 1618.


LaTeX Warning: Reference `eq:finite_depth_residual_certificate' on page 30 unde
fined on input line 1634.


LaTeX Warning: Reference `lem:A_error_app' on page 30 undefined on input line 1
634.


LaTeX Warning: Reference `eq:finite_depth_residual_adv' on page 30 undefined on
 input line 1634.


LaTeX Warning: Reference `thm:monotone_with_error' on page 30 undefined on inpu
t line 1634.


LaTeX Warning: Reference `eq:finite_depth_residual_cpi' on page 30 undefined on
 input line 1634.


LaTeX Warning: Reference `eq:residual_bridge' on page 30 undefined on input lin
e 1648.


LaTeX Warning: Reference `prop:banach' on page 30 undefined on input line 1648.



LaTeX Warning: Reference `thm:monotone_with_error' on page 30 undefined on inpu
t line 1671.


LaTeX Warning: Reference `eq:Ahat_def_app' on page 30 undefined on input line 1
676.


LaTeX Warning: Reference `thm:monotone_with_error' on page 30 undefined on inpu
t line 1685.


LaTeX Warning: Reference `def:adv_closure' on page 30 undefined on input line 1
690.


LaTeX Warning: Reference `lem:A_error_app' on page 30 undefined on input line 1
702.


LaTeX Warning: Reference `eq:Ahat_def_app' on page 30 undefined on input line 1
702.

[30]

LaTeX Warning: Reference `ass:Ahat_error_bound' on page 31 undefined on input l
ine 1714.


LaTeX Warning: Reference `ass:Lip' on page 31 undefined on input line 1719.


LaTeX Warning: Reference `eq:LV_def' on page 31 undefined on input line 1719.


LaTeX Warning: Reference `prop:error_bounds' on page 31 undefined on input line
 1719.


LaTeX Warning: Reference `lem:A_error_app' on page 31 undefined on input line 1
719.


LaTeX Warning: Reference `lem:A_error_app' on page 31 undefined on input line 1
730.


LaTeX Warning: Reference `def:adv_closure' on page 31 undefined on input line 1
730.


LaTeX Warning: Reference `lem:interior_proj' on page 31 undefined on input line
 1736.


LaTeX Warning: Reference `eq:projection' on page 31 undefined on input line 174
0.


LaTeX Warning: Reference `eq:projection' on page 31 undefined on input line 174
7.


LaTeX Warning: Reference `eq:projection' on page 31 undefined on input line 174
8.


LaTeX Warning: Reference `prop:banach' on page 31 undefined on input line 1754.



LaTeX Warning: Reference `ass:Lip' on page 31 undefined on input line 1758.


LaTeX Warning: Reference `eq:linear_convergence' on page 31 undefined on input 
line 1762.


LaTeX Warning: Reference `eq:Cz_def' on page 31 undefined on input line 1772.

[31]

LaTeX Warning: Reference `lem:drift_bound' on page 32 undefined on input line 1
776.


LaTeX Warning: Reference `ass:twotimescale' on page 32 undefined on input line 
1783.


LaTeX Warning: Reference `eq:Cdrift_def' on page 32 undefined on input line 182
0.


LaTeX Warning: Reference `prop:error_bounds' on page 32 undefined on input line
 1823.


LaTeX Warning: Reference `def:adv_closure' on page 32 undefined on input line 1
824.


LaTeX Warning: Reference `eq:LV_def' on page 32 undefined on input line 1845.


LaTeX Warning: Reference `prop:banach' on page 32 undefined on input line 1845.



LaTeX Warning: Reference `app:implementation' on page 32 undefined on input lin
e 1861.

[32]

LaTeX Warning: Reference `prop:error_bounds' on page 33 undefined on input line
 1873.


LaTeX Warning: Reference `prop:proj_sat_contraction' on page 33 undefined on in
put line 1889.


LaTeX Warning: Reference `eq:Lz_sat' on page 33 undefined on input line 1889.


LaTeX Warning: Reference `eq:eps_res_proj' on page 33 undefined on input line 1
889.


LaTeX Warning: Reference `eq:main_bound_dials' on page 33 undefined on input li
ne 1889.


LaTeX Warning: Reference `app:finite_r_b0' on page 33 undefined on input line 1
906.


LaTeX Warning: Reference `ass:Lip' on page 33 undefined on input line 1930.


LaTeX Warning: Reference `ass:Lip' on page 33 undefined on input line 1930.

[33]

LaTeX Warning: Reference `lem:A_error_app' on page 34 undefined on input line 2
041.


LaTeX Warning: Reference `def:adv_closure' on page 34 undefined on input line 2
050.


LaTeX Warning: Reference `thm:monotone_with_error' on page 34 undefined on inpu
t line 2064.


LaTeX Warning: Reference `eq:cpi_bound' on page 34 undefined on input line 2067
.


LaTeX Warning: Reference `app:cpi_derivation' on page 34 undefined on input lin
e 2067.

[34]

LaTeX Warning: Reference `eq:centering_condition' on page 35 undefined on input
 line 2088.


LaTeX Warning: Reference `ass:Ahat_error_bound' on page 35 undefined on input l
ine 2098.


LaTeX Warning: Reference `eq:main_theorem' on page 35 undefined on input line 2
112.


LaTeX Warning: Reference `cor:persistent_cpi_augmented' on page 35 undefined on
 input line 2115.


LaTeX Warning: Reference `lem:drift_bound' on page 35 undefined on input line 2
125.


LaTeX Warning: Reference `eq:LV_def' on page 35 undefined on input line 2129.


LaTeX Warning: Reference `prop:error_bounds' on page 35 undefined on input line
 2136.


LaTeX Warning: Reference `eq:persistent_augmented_value' on page 35 undefined o
n input line 2142.


LaTeX Warning: Reference `lem:A_error_app' on page 35 undefined on input line 2
144.


LaTeX Warning: Reference `eq:persistent_augmented_value' on page 35 undefined o
n input line 2151.


LaTeX Warning: Reference `eq:persistent_augmented_adv' on page 35 undefined on 
input line 2151.


LaTeX Warning: Reference `thm:monotone_with_error' on page 35 undefined on inpu
t line 2153.


LaTeX Warning: Reference `thm:monotone_with_error' on page 35 undefined on inpu
t line 2163.

[35]

LaTeX Warning: Reference `eq:persistent_augmented_adv' on page 36 undefined on 
input line 2167.


LaTeX Warning: Reference `eq:persistent_augmented_cpi' on page 36 undefined on 
input line 2167.


LaTeX Warning: Reference `alg:upi' on page 36 undefined on input line 2177.


LaTeX Warning: Reference `eq:GK_def' on page 36 undefined on input line 2201.


LaTeX Warning: Reference `app:equalized_baselines' on page 36 undefined on inpu
t line 2215.


LaTeX Warning: Reference `eq:Ahat_def_app' on page 36 undefined on input line 2
218.


LaTeX Warning: Reference `thm:monotone_with_error' on page 36 undefined on inpu
t line 2218.

[36]

LaTeX Warning: Reference `eq:projection' on page 37 undefined on input line 223
0.


Package natbib Warning: Citation `TRM2025' on page 37 undefined on input line 2
247.

[37]

Package natbib Warning: There were undefined citations.

[38] (./main.aux)

LaTeX Warning: There were undefined references.


LaTeX Warning: Label(s) may have changed. Rerun to get cross-references right.


Package rerunfilecheck Warning: File `main.out' has changed.
(rerunfilecheck)                Rerun to get outlines right
(rerunfilecheck)                or use package `bookmark'.

 )
(see the transcript file for additional information){/usr/share/texlive/texmf-d
ist/fonts/enc/dvips/base/8r.enc}</usr/share/texlive/texmf-dist/fonts/type1/publ
ic/amsfonts/cm/cmex10.pfb></usr/share/texlive/texmf-dist/fonts/type1/public/ams
fonts/cmextra/cmex9.pfb></usr/share/texlive/texmf-dist/fonts/type1/public/amsfo
nts/cm/cmmi10.pfb></usr/share/texlive/texmf-dist/fonts/type1/public/amsfonts/cm
/cmmi12.pfb></usr/share/texlive/texmf-dist/fonts/type1/public/amsfonts/cm/cmmi5
.pfb></usr/share/texlive/texmf-dist/fonts/type1/public/amsfonts/cm/cmmi6.pfb></
usr/share/texlive/texmf-dist/fonts/type1/public/amsfonts/cm/cmmi7.pfb></usr/sha
re/texlive/texmf-dist/fonts/type1/public/amsfonts/cm/cmmi9.pfb></usr/share/texl
ive/texmf-dist/fonts/type1/public/amsfonts/cm/cmr10.pfb></usr/share/texlive/tex
mf-dist/fonts/type1/public/amsfonts/cm/cmr5.pfb></usr/share/texlive/texmf-dist/
fonts/type1/public/amsfonts/cm/cmr6.pfb></usr/share/texlive/texmf-dist/fonts/ty
pe1/public/amsfonts/cm/cmr7.pfb></usr/share/texlive/texmf-dist/fonts/type1/publ
ic/amsfonts/cm/cmr9.pfb></usr/share/texlive/texmf-dist/fonts/type1/public/amsfo
nts/cm/cmsy10.pfb></usr/share/texlive/texmf-dist/fonts/type1/public/amsfonts/cm
/cmsy5.pfb></usr/share/texlive/texmf-dist/fonts/type1/public/amsfonts/cm/cmsy6.
pfb></usr/share/texlive/texmf-dist/fonts/type1/public/amsfonts/cm/cmsy7.pfb></u
sr/share/texlive/texmf-dist/fonts/type1/public/amsfonts/cm/cmsy9.pfb></usr/shar
e/texlive/texmf-dist/fonts/type1/public/amsfonts/cm/cmti9.pfb></usr/share/texli
ve/texmf-dist/fonts/type1/public/amsfonts/symbols/msam10.pfb></usr/share/texliv
e/texmf-dist/fonts/type1/public/amsfonts/symbols/msbm10.pfb></usr/share/texlive
/texmf-dist/fonts/type1/urw/courier/ucrr8a.pfb></usr/share/texlive/texmf-dist/f
onts/type1/urw/helvetic/uhvb8a.pfb></usr/share/texlive/texmf-dist/fonts/type1/u
rw/times/utmb8a.pfb></usr/share/texlive/texmf-dist/fonts/type1/urw/times/utmr8a
.pfb></usr/share/texlive/texmf-dist/fonts/type1/urw/times/utmri8a.pfb>
Output written on main.pdf (38 pages, 1338658 bytes).
Transcript written on main.log.
bibtex main
This is BibTeX, Version 0.99d (TeX Live 2020)
The top-level auxiliary file: main.aux
The style file: iclr2026_conference.bst
Database file #1: trm_rl.bib
pdflatex -interaction=nonstopmode -halt-on-error -file-line-error main.tex
This is pdfTeX, Version 3.14159265-2.6-1.40.21 (TeX Live 2020) (preloaded format=pdflatex)
 restricted \write18 enabled.
entering extended mode
(./main.tex
LaTeX2e <2020-10-01> patch level 4
L3 programming layer <2021-02-18>
(/usr/share/texlive/texmf-dist/tex/latex/base/article.cls
Document Class: article 2020/04/10 v1.4m Standard LaTeX document class
(/usr/share/texlive/texmf-dist/tex/latex/base/size10.clo))
(./iclr2026_conference.sty
(/usr/share/texlive/texmf-dist/tex/latex/eso-pic/eso-pic.sty
(/usr/share/texlive/texmf-dist/tex/latex/graphics/keyval.sty)
(/usr/share/texlive/texmf-dist/tex/latex/xcolor/xcolor.sty
(/usr/share/texlive/texmf-dist/tex/latex/graphics-cfg/color.cfg)
(/usr/share/texlive/texmf-dist/tex/latex/graphics-def/pdftex.def)
(/usr/share/texlive/texmf-dist/tex/latex/graphics/dvipsnam.def)))
(./fancyhdr.sty) (/usr/share/texlive/texmf-dist/tex/latex/natbib/natbib.sty))
(/usr/share/texlive/texmf-dist/tex/latex/psnfss/times.sty)
(/usr/share/texlive/texmf-dist/tex/latex/base/inputenc.sty)
(/usr/share/texlive/texmf-dist/tex/latex/base/fontenc.sty
(/usr/share/texlive/texmf-dist/tex/latex/psnfss/t1ptm.fd))
(/usr/share/texlive/texmf-dist/tex/latex/microtype/microtype.sty
(/usr/share/texlive/texmf-dist/tex/latex/microtype/microtype-pdftex.def)
(/usr/share/texlive/texmf-dist/tex/latex/microtype/microtype.cfg))
(/usr/share/texlive/texmf-dist/tex/latex/graphics/graphicx.sty
(/usr/share/texlive/texmf-dist/tex/latex/graphics/graphics.sty
(/usr/share/texlive/texmf-dist/tex/latex/graphics/trig.sty)
(/usr/share/texlive/texmf-dist/tex/latex/graphics-cfg/graphics.cfg)))
(/usr/share/texlive/texmf-dist/tex/latex/pgf/frontendlayer/tikz.sty
(/usr/share/texlive/texmf-dist/tex/latex/pgf/basiclayer/pgf.sty
(/usr/share/texlive/texmf-dist/tex/latex/pgf/utilities/pgfrcs.sty
(/usr/share/texlive/texmf-dist/tex/generic/pgf/utilities/pgfutil-common.tex
(/usr/share/texlive/texmf-dist/tex/generic/pgf/utilities/pgfutil-common-lists.t
ex)) (/usr/share/texlive/texmf-dist/tex/generic/pgf/utilities/pgfutil-latex.def
) (/usr/share/texlive/texmf-dist/tex/generic/pgf/utilities/pgfrcs.code.tex
(/usr/share/texlive/texmf-dist/tex/generic/pgf/pgf.revision.tex)))
(/usr/share/texlive/texmf-dist/tex/latex/pgf/basiclayer/pgfcore.sty
(/usr/share/texlive/texmf-dist/tex/latex/pgf/systemlayer/pgfsys.sty
(/usr/share/texlive/texmf-dist/tex/generic/pgf/systemlayer/pgfsys.code.tex
(/usr/share/texlive/texmf-dist/tex/generic/pgf/utilities/pgfkeys.code.tex
(/usr/share/texlive/texmf-dist/tex/generic/pgf/utilities/pgfkeysfiltered.code.t
ex)) (/usr/share/texlive/texmf-dist/tex/generic/pgf/systemlayer/pgf.cfg)
(/usr/share/texlive/texmf-dist/tex/generic/pgf/systemlayer/pgfsys-pdftex.def
(/usr/share/texlive/texmf-dist/tex/generic/pgf/systemlayer/pgfsys-common-pdf.de
f)))
(/usr/share/texlive/texmf-dist/tex/generic/pgf/systemlayer/pgfsyssoftpath.code.
tex)
(/usr/share/texlive/texmf-dist/tex/generic/pgf/systemlayer/pgfsysprotocol.code.
tex))
(/usr/share/texlive/texmf-dist/tex/generic/pgf/basiclayer/pgfcore.code.tex
(/usr/share/texlive/texmf-dist/tex/generic/pgf/math/pgfmath.code.tex
(/usr/share/texlive/texmf-dist/tex/generic/pgf/math/pgfmathcalc.code.tex
(/usr/share/texlive/texmf-dist/tex/generic/pgf/math/pgfmathutil.code.tex)
(/usr/share/texlive/texmf-dist/tex/generic/pgf/math/pgfmathparser.code.tex)
(/usr/share/texlive/texmf-dist/tex/generic/pgf/math/pgfmathfunctions.code.tex
(/usr/share/texlive/texmf-dist/tex/generic/pgf/math/pgfmathfunctions.basic.code
.tex)
(/usr/share/texlive/texmf-dist/tex/generic/pgf/math/pgfmathfunctions.trigonomet
ric.code.tex)
(/usr/share/texlive/texmf-dist/tex/generic/pgf/math/pgfmathfunctions.random.cod
e.tex)
(/usr/share/texlive/texmf-dist/tex/generic/pgf/math/pgfmathfunctions.comparison
.code.tex)
(/usr/share/texlive/texmf-dist/tex/generic/pgf/math/pgfmathfunctions.base.code.
tex)
(/usr/share/texlive/texmf-dist/tex/generic/pgf/math/pgfmathfunctions.round.code
.tex)
(/usr/share/texlive/texmf-dist/tex/generic/pgf/math/pgfmathfunctions.misc.code.
tex)
(/usr/share/texlive/texmf-dist/tex/generic/pgf/math/pgfmathfunctions.integerari
thmetics.code.tex)))
(/usr/share/texlive/texmf-dist/tex/generic/pgf/math/pgfmathfloat.code.tex))
(/usr/share/texlive/texmf-dist/tex/generic/pgf/math/pgfint.code.tex)
(/usr/share/texlive/texmf-dist/tex/generic/pgf/basiclayer/pgfcorepoints.code.te
x)
(/usr/share/texlive/texmf-dist/tex/generic/pgf/basiclayer/pgfcorepathconstruct.
code.tex)
(/usr/share/texlive/texmf-dist/tex/generic/pgf/basiclayer/pgfcorepathusage.code
.tex)
(/usr/share/texlive/texmf-dist/tex/generic/pgf/basiclayer/pgfcorescopes.code.te
x)
(/usr/share/texlive/texmf-dist/tex/generic/pgf/basiclayer/pgfcoregraphicstate.c
ode.tex)
(/usr/share/texlive/texmf-dist/tex/generic/pgf/basiclayer/pgfcoretransformation
s.code.tex)
(/usr/share/texlive/texmf-dist/tex/generic/pgf/basiclayer/pgfcorequick.code.tex
)
(/usr/share/texlive/texmf-dist/tex/generic/pgf/basiclayer/pgfcoreobjects.code.t
ex)
(/usr/share/texlive/texmf-dist/tex/generic/pgf/basiclayer/pgfcorepathprocessing
.code.tex)
(/usr/share/texlive/texmf-dist/tex/generic/pgf/basiclayer/pgfcorearrows.code.te
x)
(/usr/share/texlive/texmf-dist/tex/generic/pgf/basiclayer/pgfcoreshade.code.tex
)
(/usr/share/texlive/texmf-dist/tex/generic/pgf/basiclayer/pgfcoreimage.code.tex

(/usr/share/texlive/texmf-dist/tex/generic/pgf/basiclayer/pgfcoreexternal.code.
tex))
(/usr/share/texlive/texmf-dist/tex/generic/pgf/basiclayer/pgfcorelayers.code.te
x)
(/usr/share/texlive/texmf-dist/tex/generic/pgf/basiclayer/pgfcoretransparency.c
ode.tex)
(/usr/share/texlive/texmf-dist/tex/generic/pgf/basiclayer/pgfcorepatterns.code.
tex)
(/usr/share/texlive/texmf-dist/tex/generic/pgf/basiclayer/pgfcorerdf.code.tex))
)
(/usr/share/texlive/texmf-dist/tex/generic/pgf/modules/pgfmoduleshapes.code.tex
) (/usr/share/texlive/texmf-dist/tex/generic/pgf/modules/pgfmoduleplot.code.tex
)
(/usr/share/texlive/texmf-dist/tex/latex/pgf/compatibility/pgfcomp-version-0-65
.sty)
(/usr/share/texlive/texmf-dist/tex/latex/pgf/compatibility/pgfcomp-version-1-18
.sty)) (/usr/share/texlive/texmf-dist/tex/latex/pgf/utilities/pgffor.sty
(/usr/share/texlive/texmf-dist/tex/latex/pgf/utilities/pgfkeys.sty
(/usr/share/texlive/texmf-dist/tex/generic/pgf/utilities/pgfkeys.code.tex))
(/usr/share/texlive/texmf-dist/tex/latex/pgf/math/pgfmath.sty
(/usr/share/texlive/texmf-dist/tex/generic/pgf/math/pgfmath.code.tex))
(/usr/share/texlive/texmf-dist/tex/generic/pgf/utilities/pgffor.code.tex
(/usr/share/texlive/texmf-dist/tex/generic/pgf/math/pgfmath.code.tex)))
(/usr/share/texlive/texmf-dist/tex/generic/pgf/frontendlayer/tikz/tikz.code.tex

(/usr/share/texlive/texmf-dist/tex/generic/pgf/libraries/pgflibraryplothandlers
.code.tex)
(/usr/share/texlive/texmf-dist/tex/generic/pgf/modules/pgfmodulematrix.code.tex
)
(/usr/share/texlive/texmf-dist/tex/generic/pgf/frontendlayer/tikz/libraries/tik
zlibrarytopaths.code.tex)))
(/usr/share/texlive/texmf-dist/tex/generic/pgf/libraries/pgflibraryarrows.meta.
code.tex)
(/usr/share/texlive/texmf-dist/tex/generic/pgf/frontendlayer/tikz/libraries/tik
zlibrarycalc.code.tex)
(/usr/share/texlive/texmf-dist/tex/generic/pgf/frontendlayer/tikz/libraries/tik
zlibrarypositioning.code.tex)
(/usr/share/texlive/texmf-dist/tex/latex/caption/subcaption.sty
(/usr/share/texlive/texmf-dist/tex/latex/caption/caption.sty
(/usr/share/texlive/texmf-dist/tex/latex/caption/caption3.sty)))
(/usr/share/texlive/texmf-dist/tex/latex/booktabs/booktabs.sty)
(/usr/share/texlive/texmf-dist/tex/latex/tools/tabularx.sty
(/usr/share/texlive/texmf-dist/tex/latex/tools/array.sty))
(/usr/share/texlive/texmf-dist/tex/latex/hyperref/hyperref.sty
(/usr/share/texlive/texmf-dist/tex/generic/ltxcmds/ltxcmds.sty)
(/usr/share/texlive/texmf-dist/tex/generic/iftex/iftex.sty)
(/usr/share/texlive/texmf-dist/tex/generic/pdftexcmds/pdftexcmds.sty
(/usr/share/texlive/texmf-dist/tex/generic/infwarerr/infwarerr.sty))
(/usr/share/texlive/texmf-dist/tex/generic/kvsetkeys/kvsetkeys.sty)
(/usr/share/texlive/texmf-dist/tex/generic/kvdefinekeys/kvdefinekeys.sty)
(/usr/share/texlive/texmf-dist/tex/generic/pdfescape/pdfescape.sty)
(/usr/share/texlive/texmf-dist/tex/latex/hycolor/hycolor.sty)
(/usr/share/texlive/texmf-dist/tex/latex/letltxmacro/letltxmacro.sty)
(/usr/share/texlive/texmf-dist/tex/latex/auxhook/auxhook.sty)
(/usr/share/texlive/texmf-dist/tex/latex/kvoptions/kvoptions.sty)
(/usr/share/texlive/texmf-dist/tex/latex/hyperref/pd1enc.def)
(/usr/share/texlive/texmf-dist/tex/latex/hyperref/hyperref-langpatches.def)
(/usr/share/texlive/texmf-dist/tex/generic/intcalc/intcalc.sty)
(/usr/share/texlive/texmf-dist/tex/generic/etexcmds/etexcmds.sty)
(/usr/share/texlive/texmf-dist/tex/latex/hyperref/puenc.def)
(/usr/share/texlive/texmf-dist/tex/latex/url/url.sty)
(/usr/share/texlive/texmf-dist/tex/generic/bitset/bitset.sty
(/usr/share/texlive/texmf-dist/tex/generic/bigintcalc/bigintcalc.sty))
(/usr/share/texlive/texmf-dist/tex/latex/base/atbegshi-ltx.sty))
(/usr/share/texlive/texmf-dist/tex/latex/hyperref/hpdftex.def
(/usr/share/texlive/texmf-dist/tex/latex/base/atveryend-ltx.sty)
(/usr/share/texlive/texmf-dist/tex/latex/rerunfilecheck/rerunfilecheck.sty
(/usr/share/texlive/texmf-dist/tex/generic/uniquecounter/uniquecounter.sty)))
(/usr/share/texlive/texmf-dist/tex/latex/amsmath/amsmath.sty
For additional information on amsmath, use the `?' option.
(/usr/share/texlive/texmf-dist/tex/latex/amsmath/amstext.sty
(/usr/share/texlive/texmf-dist/tex/latex/amsmath/amsgen.sty))
(/usr/share/texlive/texmf-dist/tex/latex/amsmath/amsbsy.sty)
(/usr/share/texlive/texmf-dist/tex/latex/amsmath/amsopn.sty))
(/usr/share/texlive/texmf-dist/tex/latex/amsfonts/amssymb.sty
(/usr/share/texlive/texmf-dist/tex/latex/amsfonts/amsfonts.sty))
(/usr/share/texlive/texmf-dist/tex/latex/mathtools/mathtools.sty
(/usr/share/texlive/texmf-dist/tex/latex/tools/calc.sty)
(/usr/share/texlive/texmf-dist/tex/latex/mathtools/mhsetup.sty))
(/usr/share/texlive/texmf-dist/tex/latex/amscls/amsthm.sty) (./algorithm.sty
Document Style `algorithm' - floating environment
(/usr/share/texlive/texmf-dist/tex/latex/float/float.sty)
(/usr/share/texlive/texmf-dist/tex/latex/base/ifthen.sty)) (./algorithmic.sty
Document Style `algorithmic' - environment
) (/usr/share/texlive/texmf-dist/tex/latex/enumitem/enumitem.sty)
(/usr/share/texlive/texmf-dist/tex/latex/l3backend/l3backend-pdftex.def)
(./main.aux) (/usr/share/texlive/texmf-dist/tex/context/base/mkii/supp-pdf.mkii

[Loading MPS to PDF converter (version 2006.09.02).]
) (/usr/share/texlive/texmf-dist/tex/latex/epstopdf-pkg/epstopdf-base.sty
(/usr/share/texlive/texmf-dist/tex/latex/latexconfig/epstopdf-sys.cfg))
(/usr/share/texlive/texmf-dist/tex/latex/microtype/mt-ptm.cfg)
(/usr/share/texlive/texmf-dist/tex/latex/hyperref/nameref.sty
(/usr/share/texlive/texmf-dist/tex/latex/refcount/refcount.sty)
(/usr/share/texlive/texmf-dist/tex/generic/gettitlestring/gettitlestring.sty))
(./main.out) (./main.out)
(/usr/share/texlive/texmf-dist/tex/latex/microtype/mt-cmr.cfg)
(/usr/share/texlive/texmf-dist/tex/latex/amsfonts/umsa.fd)
(/usr/share/texlive/texmf-dist/tex/latex/microtype/mt-msa.cfg)
(/usr/share/texlive/texmf-dist/tex/latex/amsfonts/umsb.fd)
(/usr/share/texlive/texmf-dist/tex/latex/microtype/mt-msb.cfg)

Package natbib Warning: Citation `TRM2025' on page 1 undefined on input line 12
9.


Package natbib Warning: Citation `BertsekasTsitsiklis1996' on page 1 undefined 
on input line 129.


Package natbib Warning: Citation `KakadeLangford2002' on page 1 undefined on in
put line 129.

[1{/usr/share/texlive/texmf-dist/fonts/map/pdftex/updmap/pdftex.map}]
(/usr/share/texlive/texmf-dist/tex/latex/psnfss/ts1ptm.fd)
(./figures/trm_to_mdp_bridge.tex)

Package natbib Warning: Citation `TRM2025' on page 2 undefined on input line 15
1.


Package natbib Warning: Citation `TRM2025' on page 2 undefined on input line 15
1.


Package natbib Warning: Citation `TRM2025' on page 2 undefined on input line 15
9.


Package natbib Warning: Citation `HRM2025' on page 2 undefined on input line 15
9.


Package natbib Warning: Citation `Qasim2025CGAR' on page 2 undefined on input l
ine 159.


Package natbib Warning: Citation `McGovern2025TRMAdapt' on page 2 undefined on 
input line 159.


Package natbib Warning: Citation `Bai2019DEQ' on page 2 undefined on input line
 159.


Underfull \vbox (badness 2065) has occurred while \output is active [2]

Package natbib Warning: Citation `KakadeLangford2002' on page 3 undefined on in
put line 162.


Package natbib Warning: Citation `Schulman2015TRPO' on page 3 undefined on inpu
t line 162.


Package natbib Warning: Citation `Pirotta2013SafePI' on page 3 undefined on inp
ut line 162.


Package natbib Warning: Citation `Metelli2021SafePI' on page 3 undefined on inp
ut line 162.


Package natbib Warning: Citation `Eshwar2025MonotoneCPI' on page 3 undefined on
 input line 162.


Package natbib Warning: Citation `Metelli2021SafePI' on page 3 undefined on inp
ut line 162.


Package natbib Warning: Citation `Eshwar2025MonotoneCPI' on page 3 undefined on
 input line 162.


Package natbib Warning: Citation `Wang2025OneShotRLVR' on page 3 undefined on i
nput line 162.


Package natbib Warning: Citation `Su2025RewardBridge' on page 3 undefined on in
put line 162.


Package natbib Warning: Citation `DeepSeekR1' on page 3 undefined on input line
 162.


Package natbib Warning: Citation `Tamar2016VIN' on page 3 undefined on input li
ne 165.


Package natbib Warning: Citation `janner2021trajectory' on page 3 undefined on 
input line 165.


Package natbib Warning: Citation `chen2021decision' on page 3 undefined on inpu
t line 165.


Package natbib Warning: Citation `laskin2022context' on page 3 undefined on inp
ut line 165.


Package natbib Warning: Citation `Daume2009SEARN' on page 3 undefined on input 
line 165.


Package natbib Warning: Citation `Ross2011DAgger' on page 3 undefined on input 
line 165.


Package natbib Warning: Citation `Chang2015LOLS' on page 3 undefined on input l
ine 165.


Package natbib Warning: Citation `Mehta2021SudokuRL' on page 3 undefined on inp
ut line 165.


Package natbib Warning: Citation `Klein2022SudokuRL' on page 3 undefined on inp
ut line 165.


Package natbib Warning: Citation `TRM2025' on page 3 undefined on input line 17
1.


Package natbib Warning: Citation `Ng1999Shaping' on page 3 undefined on input l
ine 177.


Underfull \vbox (badness 3701) has occurred while \output is active [3]

Package natbib Warning: Citation `SuttonBarto2018' on page 4 undefined on input
 line 217.


Package natbib Warning: Citation `Puterman1994' on page 4 undefined on input li
ne 217.

[4]

Package natbib Warning: Citation `KakadeLangford2002' on page 5 undefined on in
put line 238.


Package hyperref Warning: Token not allowed in a PDF string (Unicode):
(hyperref)                removing `math shift' on input line 240.


Package hyperref Warning: Token not allowed in a PDF string (Unicode):
(hyperref)                removing `math shift' on input line 240.

[5] [6]

Package hyperref Warning: Token not allowed in a PDF string (Unicode):
(hyperref)                removing `math shift' on input line 456.


Package hyperref Warning: Token not allowed in a PDF string (Unicode):
(hyperref)                removing `\times' on input line 456.


Package hyperref Warning: Token not allowed in a PDF string (Unicode):
(hyperref)                removing `math shift' on input line 456.

[7]
Underfull \vbox (badness 1888) has occurred while \output is active [8]
(./main.bbl [9] (/usr/share/texlive/texmf-dist/tex/latex/psnfss/t1pcr.fd)
Underfull \hbox (badness 5161) in paragraph at lines 73--77
[]\T1/ptm/m/n/10 (+20) Kevin Klein.  Su-doku #3: Poor man's RL.  []$\T1/pcr/m/n
/10 https : / / kevinkle . in / posts /
[10]) [11]
Underfull \hbox (badness 4303) in paragraph at lines 548--549
[][]\T1/ptm/b/n/10 (+20) Assumption A.1 \T1/ptm/m/n/10 (+20) (Bounded re-wards)
\T1/ptm/b/n/10 (+20) . []\T1/ptm/m/n/10 (+20) Potential-shaped re-wards are uni
-formly bounded:

Package hyperref Warning: Token not allowed in a PDF string (Unicode):
(hyperref)                removing `math shift' on input line 621.


Package hyperref Warning: Token not allowed in a PDF string (Unicode):
(hyperref)                removing `math shift' on input line 621.


Package hyperref Warning: Token not allowed in a PDF string (Unicode):
(hyperref)                removing `math shift' on input line 624.


Package hyperref Warning: Token not allowed in a PDF string (Unicode):
(hyperref)                removing `math shift' on input line 624.

[12] [13] [14] [15 <./results/finite_mdp_certificate/fig_value_decomposition.pn
g> <./results/finite_mdp_certificate/fig_cpi_certificate.png>]
(./tables/table_exp1_value_head_lipschitz.tex)

Package natbib Warning: Citation `Miyato2018' on page 16 undefined on input lin
e 881.

[16]

Package hyperref Warning: Token not allowed in a PDF string (Unicode):
(hyperref)                removing `math shift' on input line 911.


Package hyperref Warning: Token not allowed in a PDF string (Unicode):
(hyperref)                removing `\leavevmode@ifvmode' on input line 911.


Package hyperref Warning: Token not allowed in a PDF string (Unicode):
(hyperref)                \kern -1.66702pt
(hyperref)                removed on input line 911.


Package hyperref Warning: Token not allowed in a PDF string (Unicode):
(hyperref)                removing `\to' on input line 911.


Package hyperref Warning: Token not allowed in a PDF string (Unicode):
(hyperref)                removing `\leavevmode@ifvmode' on input line 911.


Package hyperref Warning: Token not allowed in a PDF string (Unicode):
(hyperref)                \kern -1.66702pt
(hyperref)                removed on input line 911.


Package hyperref Warning: Token not allowed in a PDF string (Unicode):
(hyperref)                removing `math shift' on input line 911.

[17] (./tables/table_exp1_unroll_sensitivity.tex)
(./tables/table_exp1_radius_sweep_main.tex)

Package hyperref Warning: Token not allowed in a PDF string (Unicode):
(hyperref)                removing `math shift' on input line 987.


Package hyperref Warning: Token not allowed in a PDF string (Unicode):
(hyperref)                removing `math shift' on input line 987.

[18] (./tables/table_exp1_radius_sweep_appendix.tex)
Underfull \hbox (badness 10000) in paragraph at lines 1048--1050
\T1/ptm/m/n/10 (+20) All mod-els are trained on the same 4$\OMS/cmsy/m/n/10 ^^B
$\T1/ptm/m/n/10 (+20) 4 Su-doku suite (1--4 emp-ties) with
(./tables/table_exp2_dial_does_not_control_Lz.tex)
(./tables/table_exp2_projection_effect.tex) [19] [20 <./figures/fig_exp1_finite
_r_primary_b0.png> <./figures/fig_exp1_finite_r_mechanism_b0.png> <./figures/fi
g_exp1_finite_r_theory_b0.png>] [21 <./figures/fig_exp1_unroll_sensitivity_appe
ndix.pdf> <./figures/fig_exp1_radius_sweep_appendix.pdf> <./figures/fig_exp2_di
al_does_not_control_Lz.pdf>]
(./tables/table_exp4_projection_free_dial_range_test.tex)
(./tables/table_exp3_projection_ablation.tex)
(./tables/table_exp4_projection_free_dial_v2.tex [22 <./figures/fig_exp2_projec
tion_is_primary_stabilizer.pdf>]) (./tables/table_exp5_tradeoff_curve.tex)

Package hyperref Warning: Token not allowed in a PDF string (Unicode):
(hyperref)                removing `math shift' on input line 1139.


Package hyperref Warning: Token not allowed in a PDF string (Unicode):
(hyperref)                removing `\times' on input line 1139.


Package hyperref Warning: Token not allowed in a PDF string (Unicode):
(hyperref)                removing `math shift' on input line 1139.


Package hyperref Warning: Token not allowed in a PDF string (Unicode):
(hyperref)                removing `math shift' on input line 1153.


Package hyperref Warning: Token not allowed in a PDF string (Unicode):
(hyperref)                removing `\times' on input line 1153.


Package hyperref Warning: Token not allowed in a PDF string (Unicode):
(hyperref)                removing `math shift' on input line 1153.


Package hyperref Warning: Token not allowed in a PDF string (Unicode):
(hyperref)                removing `math shift' on input line 1153.


Package hyperref Warning: Token not allowed in a PDF string (Unicode):
(hyperref)                removing `\times' on input line 1153.


Package hyperref Warning: Token not allowed in a PDF string (Unicode):
(hyperref)                removing `math shift' on input line 1153.

[23]

Package hyperref Warning: Token not allowed in a PDF string (Unicode):
(hyperref)                removing `math shift' on input line 1192.


Package hyperref Warning: Token not allowed in a PDF string (Unicode):
(hyperref)                removing `\times' on input line 1192.


Package hyperref Warning: Token not allowed in a PDF string (Unicode):
(hyperref)                removing `math shift' on input line 1192.


Package hyperref Warning: Token not allowed in a PDF string (Unicode):
(hyperref)                removing `math shift' on input line 1192.


Package hyperref Warning: Token not allowed in a PDF string (Unicode):
(hyperref)                removing `\times' on input line 1192.


Package hyperref Warning: Token not allowed in a PDF string (Unicode):
(hyperref)                removing `math shift' on input line 1192.

[24] [25 <./figures/fig_exp5_L_vs_metrics.pdf>] [26 <./figures/table3_hard_cont
rolled_curves.pdf>] [27 <./figures/fig_exp1_unroll_sensitivity_main.pdf> <./fig
ures/table3_hard_controlled_2x2_bar.pdf>]

Package hyperref Warning: Token not allowed in a PDF string (Unicode):
(hyperref)                removing `math shift' on input line 1258.


Package hyperref Warning: Token not allowed in a PDF string (Unicode):
(hyperref)                removing `math shift' on input line 1258.


Underfull \vbox (badness 2653) has occurred while \output is active [28]
[29]

Package natbib Warning: Citation `KakadeLangford2002' on page 30 undefined on i
nput line 1425.


Package natbib Warning: Citation `KakadeLangford2002' on page 30 undefined on i
nput line 1446.

[30] [31] [32] [33] [34] [35] [36] [37] [38]

Package natbib Warning: Citation `TRM2025' on page 39 undefined on input line 2
247.

[39]

Package natbib Warning: There were undefined citations.

[40] (./main.aux

Package natbib Warning: Citation(s) may have changed.
(natbib)                Rerun to get citations correct.

)

LaTeX Warning: Label(s) may have changed. Rerun to get cross-references right.


Package rerunfilecheck Warning: File `main.out' has changed.
(rerunfilecheck)                Rerun to get outlines right
(rerunfilecheck)                or use package `bookmark'.

 )
(see the transcript file for additional information)pdfTeX warning (dest): name
{figure.caption.28} has been referenced but does not exist, replaced by a fixed
 one

pdfTeX warning (dest): name{figure.caption.25} has been referenced but does not
 exist, replaced by a fixed one

pdfTeX warning (dest): name{table.caption.20} has been referenced but does not 
exist, replaced by a fixed one

pdfTeX warning (dest): name{figure.caption.19} has been referenced but does not
 exist, replaced by a fixed one

pdfTeX warning (dest): name{figure.caption.17} has been referenced but does not
 exist, replaced by a fixed one

pdfTeX warning (dest): name{figure.caption.4} has been referenced but does not 
exist, replaced by a fixed one

pdfTeX warning (dest): name{table.caption.7} has been referenced but does not e
xist, replaced by a fixed one

pdfTeX warning (dest): name{table.caption.5} has been referenced but does not e
xist, replaced by a fixed one

pdfTeX warning (dest): name{table.caption.18} has been referenced but does not 
exist, replaced by a fixed one

{/usr/share/texlive/texmf-dist/fonts/enc/dvips/base/8r.enc}</usr/share/texlive/
texmf-dist/fonts/type1/public/amsfonts/cm/cmex10.pfb></usr/share/texlive/texmf-
dist/fonts/type1/public/amsfonts/cmextra/cmex9.pfb></usr/share/texlive/texmf-di
st/fonts/type1/public/amsfonts/cm/cmmi10.pfb></usr/share/texlive/texmf-dist/fon
ts/type1/public/amsfonts/cm/cmmi12.pfb></usr/share/texlive/texmf-dist/fonts/typ
e1/public/amsfonts/cm/cmmi5.pfb></usr/share/texlive/texmf-dist/fonts/type1/publ
ic/amsfonts/cm/cmmi6.pfb></usr/share/texlive/texmf-dist/fonts/type1/public/amsf
onts/cm/cmmi7.pfb></usr/share/texlive/texmf-dist/fonts/type1/public/amsfonts/cm
/cmmi9.pfb></usr/share/texlive/texmf-dist/fonts/type1/public/amsfonts/cm/cmr10.
pfb></usr/share/texlive/texmf-dist/fonts/type1/public/amsfonts/cm/cmr5.pfb></us
r/share/texlive/texmf-dist/fonts/type1/public/amsfonts/cm/cmr6.pfb></usr/share/
texlive/texmf-dist/fonts/type1/public/amsfonts/cm/cmr7.pfb></usr/share/texlive/
texmf-dist/fonts/type1/public/amsfonts/cm/cmr9.pfb></usr/share/texlive/texmf-di
st/fonts/type1/public/amsfonts/cm/cmsy10.pfb></usr/share/texlive/texmf-dist/fon
ts/type1/public/amsfonts/cm/cmsy5.pfb></usr/share/texlive/texmf-dist/fonts/type
1/public/amsfonts/cm/cmsy6.pfb></usr/share/texlive/texmf-dist/fonts/type1/publi
c/amsfonts/cm/cmsy7.pfb></usr/share/texlive/texmf-dist/fonts/type1/public/amsfo
nts/cm/cmsy9.pfb></usr/share/texlive/texmf-dist/fonts/type1/public/amsfonts/cm/
cmti9.pfb></usr/share/texlive/texmf-dist/fonts/type1/public/amsfonts/symbols/ms
am10.pfb></usr/share/texlive/texmf-dist/fonts/type1/public/amsfonts/symbols/msb
m10.pfb></usr/share/texlive/texmf-dist/fonts/type1/urw/courier/ucrr8a.pfb></usr
/share/texlive/texmf-dist/fonts/type1/urw/helvetic/uhvb8a.pfb></usr/share/texli
ve/texmf-dist/fonts/type1/urw/times/utmb8a.pfb></usr/share/texlive/texmf-dist/f
onts/type1/urw/times/utmr8a.pfb></usr/share/texlive/texmf-dist/fonts/type1/urw/
times/utmri8a.pfb>
Output written on main.pdf (40 pages, 1362080 bytes).
Transcript written on main.log.
pdflatex -interaction=nonstopmode -halt-on-error -file-line-error main.tex
This is pdfTeX, Version 3.14159265-2.6-1.40.21 (TeX Live 2020) (preloaded format=pdflatex)
 restricted \write18 enabled.
entering extended mode
(./main.tex
LaTeX2e <2020-10-01> patch level 4
L3 programming layer <2021-02-18>
(/usr/share/texlive/texmf-dist/tex/latex/base/article.cls
Document Class: article 2020/04/10 v1.4m Standard LaTeX document class
(/usr/share/texlive/texmf-dist/tex/latex/base/size10.clo))
(./iclr2026_conference.sty
(/usr/share/texlive/texmf-dist/tex/latex/eso-pic/eso-pic.sty
(/usr/share/texlive/texmf-dist/tex/latex/graphics/keyval.sty)
(/usr/share/texlive/texmf-dist/tex/latex/xcolor/xcolor.sty
(/usr/share/texlive/texmf-dist/tex/latex/graphics-cfg/color.cfg)
(/usr/share/texlive/texmf-dist/tex/latex/graphics-def/pdftex.def)
(/usr/share/texlive/texmf-dist/tex/latex/graphics/dvipsnam.def)))
(./fancyhdr.sty) (/usr/share/texlive/texmf-dist/tex/latex/natbib/natbib.sty))
(/usr/share/texlive/texmf-dist/tex/latex/psnfss/times.sty)
(/usr/share/texlive/texmf-dist/tex/latex/base/inputenc.sty)
(/usr/share/texlive/texmf-dist/tex/latex/base/fontenc.sty
(/usr/share/texlive/texmf-dist/tex/latex/psnfss/t1ptm.fd))
(/usr/share/texlive/texmf-dist/tex/latex/microtype/microtype.sty
(/usr/share/texlive/texmf-dist/tex/latex/microtype/microtype-pdftex.def)
(/usr/share/texlive/texmf-dist/tex/latex/microtype/microtype.cfg))
(/usr/share/texlive/texmf-dist/tex/latex/graphics/graphicx.sty
(/usr/share/texlive/texmf-dist/tex/latex/graphics/graphics.sty
(/usr/share/texlive/texmf-dist/tex/latex/graphics/trig.sty)
(/usr/share/texlive/texmf-dist/tex/latex/graphics-cfg/graphics.cfg)))
(/usr/share/texlive/texmf-dist/tex/latex/pgf/frontendlayer/tikz.sty
(/usr/share/texlive/texmf-dist/tex/latex/pgf/basiclayer/pgf.sty
(/usr/share/texlive/texmf-dist/tex/latex/pgf/utilities/pgfrcs.sty
(/usr/share/texlive/texmf-dist/tex/generic/pgf/utilities/pgfutil-common.tex
(/usr/share/texlive/texmf-dist/tex/generic/pgf/utilities/pgfutil-common-lists.t
ex)) (/usr/share/texlive/texmf-dist/tex/generic/pgf/utilities/pgfutil-latex.def
) (/usr/share/texlive/texmf-dist/tex/generic/pgf/utilities/pgfrcs.code.tex
(/usr/share/texlive/texmf-dist/tex/generic/pgf/pgf.revision.tex)))
(/usr/share/texlive/texmf-dist/tex/latex/pgf/basiclayer/pgfcore.sty
(/usr/share/texlive/texmf-dist/tex/latex/pgf/systemlayer/pgfsys.sty
(/usr/share/texlive/texmf-dist/tex/generic/pgf/systemlayer/pgfsys.code.tex
(/usr/share/texlive/texmf-dist/tex/generic/pgf/utilities/pgfkeys.code.tex
(/usr/share/texlive/texmf-dist/tex/generic/pgf/utilities/pgfkeysfiltered.code.t
ex)) (/usr/share/texlive/texmf-dist/tex/generic/pgf/systemlayer/pgf.cfg)
(/usr/share/texlive/texmf-dist/tex/generic/pgf/systemlayer/pgfsys-pdftex.def
(/usr/share/texlive/texmf-dist/tex/generic/pgf/systemlayer/pgfsys-common-pdf.de
f)))
(/usr/share/texlive/texmf-dist/tex/generic/pgf/systemlayer/pgfsyssoftpath.code.
tex)
(/usr/share/texlive/texmf-dist/tex/generic/pgf/systemlayer/pgfsysprotocol.code.
tex))
(/usr/share/texlive/texmf-dist/tex/generic/pgf/basiclayer/pgfcore.code.tex
(/usr/share/texlive/texmf-dist/tex/generic/pgf/math/pgfmath.code.tex
(/usr/share/texlive/texmf-dist/tex/generic/pgf/math/pgfmathcalc.code.tex
(/usr/share/texlive/texmf-dist/tex/generic/pgf/math/pgfmathutil.code.tex)
(/usr/share/texlive/texmf-dist/tex/generic/pgf/math/pgfmathparser.code.tex)
(/usr/share/texlive/texmf-dist/tex/generic/pgf/math/pgfmathfunctions.code.tex
(/usr/share/texlive/texmf-dist/tex/generic/pgf/math/pgfmathfunctions.basic.code
.tex)
(/usr/share/texlive/texmf-dist/tex/generic/pgf/math/pgfmathfunctions.trigonomet
ric.code.tex)
(/usr/share/texlive/texmf-dist/tex/generic/pgf/math/pgfmathfunctions.random.cod
e.tex)
(/usr/share/texlive/texmf-dist/tex/generic/pgf/math/pgfmathfunctions.comparison
.code.tex)
(/usr/share/texlive/texmf-dist/tex/generic/pgf/math/pgfmathfunctions.base.code.
tex)
(/usr/share/texlive/texmf-dist/tex/generic/pgf/math/pgfmathfunctions.round.code
.tex)
(/usr/share/texlive/texmf-dist/tex/generic/pgf/math/pgfmathfunctions.misc.code.
tex)
(/usr/share/texlive/texmf-dist/tex/generic/pgf/math/pgfmathfunctions.integerari
thmetics.code.tex)))
(/usr/share/texlive/texmf-dist/tex/generic/pgf/math/pgfmathfloat.code.tex))
(/usr/share/texlive/texmf-dist/tex/generic/pgf/math/pgfint.code.tex)
(/usr/share/texlive/texmf-dist/tex/generic/pgf/basiclayer/pgfcorepoints.code.te
x)
(/usr/share/texlive/texmf-dist/tex/generic/pgf/basiclayer/pgfcorepathconstruct.
code.tex)
(/usr/share/texlive/texmf-dist/tex/generic/pgf/basiclayer/pgfcorepathusage.code
.tex)
(/usr/share/texlive/texmf-dist/tex/generic/pgf/basiclayer/pgfcorescopes.code.te
x)
(/usr/share/texlive/texmf-dist/tex/generic/pgf/basiclayer/pgfcoregraphicstate.c
ode.tex)
(/usr/share/texlive/texmf-dist/tex/generic/pgf/basiclayer/pgfcoretransformation
s.code.tex)
(/usr/share/texlive/texmf-dist/tex/generic/pgf/basiclayer/pgfcorequick.code.tex
)
(/usr/share/texlive/texmf-dist/tex/generic/pgf/basiclayer/pgfcoreobjects.code.t
ex)
(/usr/share/texlive/texmf-dist/tex/generic/pgf/basiclayer/pgfcorepathprocessing
.code.tex)
(/usr/share/texlive/texmf-dist/tex/generic/pgf/basiclayer/pgfcorearrows.code.te
x)
(/usr/share/texlive/texmf-dist/tex/generic/pgf/basiclayer/pgfcoreshade.code.tex
)
(/usr/share/texlive/texmf-dist/tex/generic/pgf/basiclayer/pgfcoreimage.code.tex

(/usr/share/texlive/texmf-dist/tex/generic/pgf/basiclayer/pgfcoreexternal.code.
tex))
(/usr/share/texlive/texmf-dist/tex/generic/pgf/basiclayer/pgfcorelayers.code.te
x)
(/usr/share/texlive/texmf-dist/tex/generic/pgf/basiclayer/pgfcoretransparency.c
ode.tex)
(/usr/share/texlive/texmf-dist/tex/generic/pgf/basiclayer/pgfcorepatterns.code.
tex)
(/usr/share/texlive/texmf-dist/tex/generic/pgf/basiclayer/pgfcorerdf.code.tex))
)
(/usr/share/texlive/texmf-dist/tex/generic/pgf/modules/pgfmoduleshapes.code.tex
) (/usr/share/texlive/texmf-dist/tex/generic/pgf/modules/pgfmoduleplot.code.tex
)
(/usr/share/texlive/texmf-dist/tex/latex/pgf/compatibility/pgfcomp-version-0-65
.sty)
(/usr/share/texlive/texmf-dist/tex/latex/pgf/compatibility/pgfcomp-version-1-18
.sty)) (/usr/share/texlive/texmf-dist/tex/latex/pgf/utilities/pgffor.sty
(/usr/share/texlive/texmf-dist/tex/latex/pgf/utilities/pgfkeys.sty
(/usr/share/texlive/texmf-dist/tex/generic/pgf/utilities/pgfkeys.code.tex))
(/usr/share/texlive/texmf-dist/tex/latex/pgf/math/pgfmath.sty
(/usr/share/texlive/texmf-dist/tex/generic/pgf/math/pgfmath.code.tex))
(/usr/share/texlive/texmf-dist/tex/generic/pgf/utilities/pgffor.code.tex
(/usr/share/texlive/texmf-dist/tex/generic/pgf/math/pgfmath.code.tex)))
(/usr/share/texlive/texmf-dist/tex/generic/pgf/frontendlayer/tikz/tikz.code.tex

(/usr/share/texlive/texmf-dist/tex/generic/pgf/libraries/pgflibraryplothandlers
.code.tex)
(/usr/share/texlive/texmf-dist/tex/generic/pgf/modules/pgfmodulematrix.code.tex
)
(/usr/share/texlive/texmf-dist/tex/generic/pgf/frontendlayer/tikz/libraries/tik
zlibrarytopaths.code.tex)))
(/usr/share/texlive/texmf-dist/tex/generic/pgf/libraries/pgflibraryarrows.meta.
code.tex)
(/usr/share/texlive/texmf-dist/tex/generic/pgf/frontendlayer/tikz/libraries/tik
zlibrarycalc.code.tex)
(/usr/share/texlive/texmf-dist/tex/generic/pgf/frontendlayer/tikz/libraries/tik
zlibrarypositioning.code.tex)
(/usr/share/texlive/texmf-dist/tex/latex/caption/subcaption.sty
(/usr/share/texlive/texmf-dist/tex/latex/caption/caption.sty
(/usr/share/texlive/texmf-dist/tex/latex/caption/caption3.sty)))
(/usr/share/texlive/texmf-dist/tex/latex/booktabs/booktabs.sty)
(/usr/share/texlive/texmf-dist/tex/latex/tools/tabularx.sty
(/usr/share/texlive/texmf-dist/tex/latex/tools/array.sty))
(/usr/share/texlive/texmf-dist/tex/latex/hyperref/hyperref.sty
(/usr/share/texlive/texmf-dist/tex/generic/ltxcmds/ltxcmds.sty)
(/usr/share/texlive/texmf-dist/tex/generic/iftex/iftex.sty)
(/usr/share/texlive/texmf-dist/tex/generic/pdftexcmds/pdftexcmds.sty
(/usr/share/texlive/texmf-dist/tex/generic/infwarerr/infwarerr.sty))
(/usr/share/texlive/texmf-dist/tex/generic/kvsetkeys/kvsetkeys.sty)
(/usr/share/texlive/texmf-dist/tex/generic/kvdefinekeys/kvdefinekeys.sty)
(/usr/share/texlive/texmf-dist/tex/generic/pdfescape/pdfescape.sty)
(/usr/share/texlive/texmf-dist/tex/latex/hycolor/hycolor.sty)
(/usr/share/texlive/texmf-dist/tex/latex/letltxmacro/letltxmacro.sty)
(/usr/share/texlive/texmf-dist/tex/latex/auxhook/auxhook.sty)
(/usr/share/texlive/texmf-dist/tex/latex/kvoptions/kvoptions.sty)
(/usr/share/texlive/texmf-dist/tex/latex/hyperref/pd1enc.def)
(/usr/share/texlive/texmf-dist/tex/latex/hyperref/hyperref-langpatches.def)
(/usr/share/texlive/texmf-dist/tex/generic/intcalc/intcalc.sty)
(/usr/share/texlive/texmf-dist/tex/generic/etexcmds/etexcmds.sty)
(/usr/share/texlive/texmf-dist/tex/latex/hyperref/puenc.def)
(/usr/share/texlive/texmf-dist/tex/latex/url/url.sty)
(/usr/share/texlive/texmf-dist/tex/generic/bitset/bitset.sty
(/usr/share/texlive/texmf-dist/tex/generic/bigintcalc/bigintcalc.sty))
(/usr/share/texlive/texmf-dist/tex/latex/base/atbegshi-ltx.sty))
(/usr/share/texlive/texmf-dist/tex/latex/hyperref/hpdftex.def
(/usr/share/texlive/texmf-dist/tex/latex/base/atveryend-ltx.sty)
(/usr/share/texlive/texmf-dist/tex/latex/rerunfilecheck/rerunfilecheck.sty
(/usr/share/texlive/texmf-dist/tex/generic/uniquecounter/uniquecounter.sty)))
(/usr/share/texlive/texmf-dist/tex/latex/amsmath/amsmath.sty
For additional information on amsmath, use the `?' option.
(/usr/share/texlive/texmf-dist/tex/latex/amsmath/amstext.sty
(/usr/share/texlive/texmf-dist/tex/latex/amsmath/amsgen.sty))
(/usr/share/texlive/texmf-dist/tex/latex/amsmath/amsbsy.sty)
(/usr/share/texlive/texmf-dist/tex/latex/amsmath/amsopn.sty))
(/usr/share/texlive/texmf-dist/tex/latex/amsfonts/amssymb.sty
(/usr/share/texlive/texmf-dist/tex/latex/amsfonts/amsfonts.sty))
(/usr/share/texlive/texmf-dist/tex/latex/mathtools/mathtools.sty
(/usr/share/texlive/texmf-dist/tex/latex/tools/calc.sty)
(/usr/share/texlive/texmf-dist/tex/latex/mathtools/mhsetup.sty))
(/usr/share/texlive/texmf-dist/tex/latex/amscls/amsthm.sty) (./algorithm.sty
Document Style `algorithm' - floating environment
(/usr/share/texlive/texmf-dist/tex/latex/float/float.sty)
(/usr/share/texlive/texmf-dist/tex/latex/base/ifthen.sty)) (./algorithmic.sty
Document Style `algorithmic' - environment
) (/usr/share/texlive/texmf-dist/tex/latex/enumitem/enumitem.sty)
(/usr/share/texlive/texmf-dist/tex/latex/l3backend/l3backend-pdftex.def)
(./main.aux) (/usr/share/texlive/texmf-dist/tex/context/base/mkii/supp-pdf.mkii

[Loading MPS to PDF converter (version 2006.09.02).]
) (/usr/share/texlive/texmf-dist/tex/latex/epstopdf-pkg/epstopdf-base.sty
(/usr/share/texlive/texmf-dist/tex/latex/latexconfig/epstopdf-sys.cfg))
(/usr/share/texlive/texmf-dist/tex/latex/microtype/mt-ptm.cfg)
(/usr/share/texlive/texmf-dist/tex/latex/hyperref/nameref.sty
(/usr/share/texlive/texmf-dist/tex/latex/refcount/refcount.sty)
(/usr/share/texlive/texmf-dist/tex/generic/gettitlestring/gettitlestring.sty))
(./main.out) (./main.out)
(/usr/share/texlive/texmf-dist/tex/latex/microtype/mt-cmr.cfg)
(/usr/share/texlive/texmf-dist/tex/latex/amsfonts/umsa.fd)
(/usr/share/texlive/texmf-dist/tex/latex/microtype/mt-msa.cfg)
(/usr/share/texlive/texmf-dist/tex/latex/amsfonts/umsb.fd)
(/usr/share/texlive/texmf-dist/tex/latex/microtype/mt-msb.cfg) [1{/usr/share/te
xlive/texmf-dist/fonts/map/pdftex/updmap/pdftex.map}]
(/usr/share/texlive/texmf-dist/tex/latex/psnfss/ts1ptm.fd)
(./figures/trm_to_mdp_bridge.tex) [2]
Underfull \vbox (badness 4713) has occurred while \output is active [3]
[4]

Package hyperref Warning: Token not allowed in a PDF string (Unicode):
(hyperref)                removing `math shift' on input line 240.


Package hyperref Warning: Token not allowed in a PDF string (Unicode):
(hyperref)                removing `math shift' on input line 240.

[5] [6] [7]

Package hyperref Warning: Token not allowed in a PDF string (Unicode):
(hyperref)                removing `math shift' on input line 456.


Package hyperref Warning: Token not allowed in a PDF string (Unicode):
(hyperref)                removing `\times' on input line 456.


Package hyperref Warning: Token not allowed in a PDF string (Unicode):
(hyperref)                removing `math shift' on input line 456.


Underfull \vbox (badness 10000) has occurred while \output is active [8]
(./main.bbl
Underfull \vbox (badness 10000) has occurred while \output is active [9]
(/usr/share/texlive/texmf-dist/tex/latex/psnfss/t1pcr.fd)
Underfull \hbox (badness 5161) in paragraph at lines 73--77
[]\T1/ptm/m/n/10 (+20) Kevin Klein.  Su-doku #3: Poor man's RL.  []$\T1/pcr/m/n
/10 https : / / kevinkle . in / posts /
[10]) [11]
Underfull \hbox (badness 4303) in paragraph at lines 548--549
[][]\T1/ptm/b/n/10 (+20) Assumption A.1 \T1/ptm/m/n/10 (+20) (Bounded re-wards)
\T1/ptm/b/n/10 (+20) . []\T1/ptm/m/n/10 (+20) Potential-shaped re-wards are uni
-formly bounded:

Package hyperref Warning: Token not allowed in a PDF string (Unicode):
(hyperref)                removing `math shift' on input line 621.


Package hyperref Warning: Token not allowed in a PDF string (Unicode):
(hyperref)                removing `math shift' on input line 621.


Package hyperref Warning: Token not allowed in a PDF string (Unicode):
(hyperref)                removing `math shift' on input line 624.


Package hyperref Warning: Token not allowed in a PDF string (Unicode):
(hyperref)                removing `math shift' on input line 624.

[12] [13] [14] [15 <./results/finite_mdp_certificate/fig_value_decomposition.pn
g> <./results/finite_mdp_certificate/fig_cpi_certificate.png>]
(./tables/table_exp1_value_head_lipschitz.tex) [16]

Package hyperref Warning: Token not allowed in a PDF string (Unicode):
(hyperref)                removing `math shift' on input line 911.


Package hyperref Warning: Token not allowed in a PDF string (Unicode):
(hyperref)                removing `\leavevmode@ifvmode' on input line 911.


Package hyperref Warning: Token not allowed in a PDF string (Unicode):
(hyperref)                \kern -1.66702pt
(hyperref)                removed on input line 911.


Package hyperref Warning: Token not allowed in a PDF string (Unicode):
(hyperref)                removing `\to' on input line 911.


Package hyperref Warning: Token not allowed in a PDF string (Unicode):
(hyperref)                removing `\leavevmode@ifvmode' on input line 911.


Package hyperref Warning: Token not allowed in a PDF string (Unicode):
(hyperref)                \kern -1.66702pt
(hyperref)                removed on input line 911.


Package hyperref Warning: Token not allowed in a PDF string (Unicode):
(hyperref)                removing `math shift' on input line 911.

[17] (./tables/table_exp1_unroll_sensitivity.tex)
(./tables/table_exp1_radius_sweep_main.tex)

Package hyperref Warning: Token not allowed in a PDF string (Unicode):
(hyperref)                removing `math shift' on input line 987.


Package hyperref Warning: Token not allowed in a PDF string (Unicode):
(hyperref)                removing `math shift' on input line 987.

[18] (./tables/table_exp1_radius_sweep_appendix.tex)
Underfull \hbox (badness 10000) in paragraph at lines 1048--1050
\T1/ptm/m/n/10 (+20) All mod-els are trained on the same 4$\OMS/cmsy/m/n/10 ^^B
$\T1/ptm/m/n/10 (+20) 4 Su-doku suite (1--4 emp-ties) with
(./tables/table_exp2_dial_does_not_control_Lz.tex)
(./tables/table_exp2_projection_effect.tex) [19] [20 <./figures/fig_exp1_finite
_r_primary_b0.png> <./figures/fig_exp1_finite_r_mechanism_b0.png> <./figures/fi
g_exp1_finite_r_theory_b0.png>] [21 <./figures/fig_exp1_unroll_sensitivity_appe
ndix.pdf> <./figures/fig_exp1_radius_sweep_appendix.pdf> <./figures/fig_exp2_di
al_does_not_control_Lz.pdf>]
(./tables/table_exp4_projection_free_dial_range_test.tex)
(./tables/table_exp3_projection_ablation.tex)
(./tables/table_exp4_projection_free_dial_v2.tex [22 <./figures/fig_exp2_projec
tion_is_primary_stabilizer.pdf>]) (./tables/table_exp5_tradeoff_curve.tex)

Package hyperref Warning: Token not allowed in a PDF string (Unicode):
(hyperref)                removing `math shift' on input line 1139.


Package hyperref Warning: Token not allowed in a PDF string (Unicode):
(hyperref)                removing `\times' on input line 1139.


Package hyperref Warning: Token not allowed in a PDF string (Unicode):
(hyperref)                removing `math shift' on input line 1139.


Package hyperref Warning: Token not allowed in a PDF string (Unicode):
(hyperref)                removing `math shift' on input line 1153.


Package hyperref Warning: Token not allowed in a PDF string (Unicode):
(hyperref)                removing `\times' on input line 1153.


Package hyperref Warning: Token not allowed in a PDF string (Unicode):
(hyperref)                removing `math shift' on input line 1153.


Package hyperref Warning: Token not allowed in a PDF string (Unicode):
(hyperref)                removing `math shift' on input line 1153.


Package hyperref Warning: Token not allowed in a PDF string (Unicode):
(hyperref)                removing `\times' on input line 1153.


Package hyperref Warning: Token not allowed in a PDF string (Unicode):
(hyperref)                removing `math shift' on input line 1153.

[23]

Package hyperref Warning: Token not allowed in a PDF string (Unicode):
(hyperref)                removing `math shift' on input line 1192.


Package hyperref Warning: Token not allowed in a PDF string (Unicode):
(hyperref)                removing `\times' on input line 1192.


Package hyperref Warning: Token not allowed in a PDF string (Unicode):
(hyperref)                removing `math shift' on input line 1192.


Package hyperref Warning: Token not allowed in a PDF string (Unicode):
(hyperref)                removing `math shift' on input line 1192.


Package hyperref Warning: Token not allowed in a PDF string (Unicode):
(hyperref)                removing `\times' on input line 1192.


Package hyperref Warning: Token not allowed in a PDF string (Unicode):
(hyperref)                removing `math shift' on input line 1192.

[24] [25 <./figures/fig_exp5_L_vs_metrics.pdf>] [26 <./figures/table3_hard_cont
rolled_curves.pdf>] [27 <./figures/fig_exp1_unroll_sensitivity_main.pdf> <./fig
ures/table3_hard_controlled_2x2_bar.pdf>]

Package hyperref Warning: Token not allowed in a PDF string (Unicode):
(hyperref)                removing `math shift' on input line 1258.


Package hyperref Warning: Token not allowed in a PDF string (Unicode):
(hyperref)                removing `math shift' on input line 1258.


Underfull \vbox (badness 2653) has occurred while \output is active [28]
[29] [30] [31] [32] [33] [34] [35] [36] [37] [38] [39] [40] (./main.aux)

LaTeX Warning: Label(s) may have changed. Rerun to get cross-references right.

 )
(see the transcript file for additional information){/usr/share/texlive/texmf-d
ist/fonts/enc/dvips/base/8r.enc}</usr/share/texlive/texmf-dist/fonts/type1/publ
ic/amsfonts/cm/cmex10.pfb></usr/share/texlive/texmf-dist/fonts/type1/public/ams
fonts/cmextra/cmex9.pfb></usr/share/texlive/texmf-dist/fonts/type1/public/amsfo
nts/cm/cmmi10.pfb></usr/share/texlive/texmf-dist/fonts/type1/public/amsfonts/cm
/cmmi12.pfb></usr/share/texlive/texmf-dist/fonts/type1/public/amsfonts/cm/cmmi5
.pfb></usr/share/texlive/texmf-dist/fonts/type1/public/amsfonts/cm/cmmi6.pfb></
usr/share/texlive/texmf-dist/fonts/type1/public/amsfonts/cm/cmmi7.pfb></usr/sha
re/texlive/texmf-dist/fonts/type1/public/amsfonts/cm/cmmi9.pfb></usr/share/texl
ive/texmf-dist/fonts/type1/public/amsfonts/cm/cmr10.pfb></usr/share/texlive/tex
mf-dist/fonts/type1/public/amsfonts/cm/cmr5.pfb></usr/share/texlive/texmf-dist/
fonts/type1/public/amsfonts/cm/cmr6.pfb></usr/share/texlive/texmf-dist/fonts/ty
pe1/public/amsfonts/cm/cmr7.pfb></usr/share/texlive/texmf-dist/fonts/type1/publ
ic/amsfonts/cm/cmr9.pfb></usr/share/texlive/texmf-dist/fonts/type1/public/amsfo
nts/cm/cmsy10.pfb></usr/share/texlive/texmf-dist/fonts/type1/public/amsfonts/cm
/cmsy5.pfb></usr/share/texlive/texmf-dist/fonts/type1/public/amsfonts/cm/cmsy6.
pfb></usr/share/texlive/texmf-dist/fonts/type1/public/amsfonts/cm/cmsy7.pfb></u
sr/share/texlive/texmf-dist/fonts/type1/public/amsfonts/cm/cmsy9.pfb></usr/shar
e/texlive/texmf-dist/fonts/type1/public/amsfonts/cm/cmti9.pfb></usr/share/texli
ve/texmf-dist/fonts/type1/public/amsfonts/symbols/msam10.pfb></usr/share/texliv
e/texmf-dist/fonts/type1/public/amsfonts/symbols/msbm10.pfb></usr/share/texlive
/texmf-dist/fonts/type1/urw/courier/ucrr8a.pfb></usr/share/texlive/texmf-dist/f
onts/type1/urw/helvetic/uhvb8a.pfb></usr/share/texlive/texmf-dist/fonts/type1/u
rw/times/utmb8a.pfb></usr/share/texlive/texmf-dist/fonts/type1/urw/times/utmr8a
.pfb></usr/share/texlive/texmf-dist/fonts/type1/urw/times/utmri8a.pfb>
Output written on main.pdf (40 pages, 1363580 bytes).
Transcript written on main.log.
pdflatex -interaction=nonstopmode -halt-on-error -file-line-error main.tex
This is pdfTeX, Version 3.14159265-2.6-1.40.21 (TeX Live 2020) (preloaded format=pdflatex)
 restricted \write18 enabled.
entering extended mode
(./main.tex
LaTeX2e <2020-10-01> patch level 4
L3 programming layer <2021-02-18>
(/usr/share/texlive/texmf-dist/tex/latex/base/article.cls
Document Class: article 2020/04/10 v1.4m Standard LaTeX document class
(/usr/share/texlive/texmf-dist/tex/latex/base/size10.clo))
(./iclr2026_conference.sty
(/usr/share/texlive/texmf-dist/tex/latex/eso-pic/eso-pic.sty
(/usr/share/texlive/texmf-dist/tex/latex/graphics/keyval.sty)
(/usr/share/texlive/texmf-dist/tex/latex/xcolor/xcolor.sty
(/usr/share/texlive/texmf-dist/tex/latex/graphics-cfg/color.cfg)
(/usr/share/texlive/texmf-dist/tex/latex/graphics-def/pdftex.def)
(/usr/share/texlive/texmf-dist/tex/latex/graphics/dvipsnam.def)))
(./fancyhdr.sty) (/usr/share/texlive/texmf-dist/tex/latex/natbib/natbib.sty))
(/usr/share/texlive/texmf-dist/tex/latex/psnfss/times.sty)
(/usr/share/texlive/texmf-dist/tex/latex/base/inputenc.sty)
(/usr/share/texlive/texmf-dist/tex/latex/base/fontenc.sty
(/usr/share/texlive/texmf-dist/tex/latex/psnfss/t1ptm.fd))
(/usr/share/texlive/texmf-dist/tex/latex/microtype/microtype.sty
(/usr/share/texlive/texmf-dist/tex/latex/microtype/microtype-pdftex.def)
(/usr/share/texlive/texmf-dist/tex/latex/microtype/microtype.cfg))
(/usr/share/texlive/texmf-dist/tex/latex/graphics/graphicx.sty
(/usr/share/texlive/texmf-dist/tex/latex/graphics/graphics.sty
(/usr/share/texlive/texmf-dist/tex/latex/graphics/trig.sty)
(/usr/share/texlive/texmf-dist/tex/latex/graphics-cfg/graphics.cfg)))
(/usr/share/texlive/texmf-dist/tex/latex/pgf/frontendlayer/tikz.sty
(/usr/share/texlive/texmf-dist/tex/latex/pgf/basiclayer/pgf.sty
(/usr/share/texlive/texmf-dist/tex/latex/pgf/utilities/pgfrcs.sty
(/usr/share/texlive/texmf-dist/tex/generic/pgf/utilities/pgfutil-common.tex
(/usr/share/texlive/texmf-dist/tex/generic/pgf/utilities/pgfutil-common-lists.t
ex)) (/usr/share/texlive/texmf-dist/tex/generic/pgf/utilities/pgfutil-latex.def
) (/usr/share/texlive/texmf-dist/tex/generic/pgf/utilities/pgfrcs.code.tex
(/usr/share/texlive/texmf-dist/tex/generic/pgf/pgf.revision.tex)))
(/usr/share/texlive/texmf-dist/tex/latex/pgf/basiclayer/pgfcore.sty
(/usr/share/texlive/texmf-dist/tex/latex/pgf/systemlayer/pgfsys.sty
(/usr/share/texlive/texmf-dist/tex/generic/pgf/systemlayer/pgfsys.code.tex
(/usr/share/texlive/texmf-dist/tex/generic/pgf/utilities/pgfkeys.code.tex
(/usr/share/texlive/texmf-dist/tex/generic/pgf/utilities/pgfkeysfiltered.code.t
ex)) (/usr/share/texlive/texmf-dist/tex/generic/pgf/systemlayer/pgf.cfg)
(/usr/share/texlive/texmf-dist/tex/generic/pgf/systemlayer/pgfsys-pdftex.def
(/usr/share/texlive/texmf-dist/tex/generic/pgf/systemlayer/pgfsys-common-pdf.de
f)))
(/usr/share/texlive/texmf-dist/tex/generic/pgf/systemlayer/pgfsyssoftpath.code.
tex)
(/usr/share/texlive/texmf-dist/tex/generic/pgf/systemlayer/pgfsysprotocol.code.
tex))
(/usr/share/texlive/texmf-dist/tex/generic/pgf/basiclayer/pgfcore.code.tex
(/usr/share/texlive/texmf-dist/tex/generic/pgf/math/pgfmath.code.tex
(/usr/share/texlive/texmf-dist/tex/generic/pgf/math/pgfmathcalc.code.tex
(/usr/share/texlive/texmf-dist/tex/generic/pgf/math/pgfmathutil.code.tex)
(/usr/share/texlive/texmf-dist/tex/generic/pgf/math/pgfmathparser.code.tex)
(/usr/share/texlive/texmf-dist/tex/generic/pgf/math/pgfmathfunctions.code.tex
(/usr/share/texlive/texmf-dist/tex/generic/pgf/math/pgfmathfunctions.basic.code
.tex)
(/usr/share/texlive/texmf-dist/tex/generic/pgf/math/pgfmathfunctions.trigonomet
ric.code.tex)
(/usr/share/texlive/texmf-dist/tex/generic/pgf/math/pgfmathfunctions.random.cod
e.tex)
(/usr/share/texlive/texmf-dist/tex/generic/pgf/math/pgfmathfunctions.comparison
.code.tex)
(/usr/share/texlive/texmf-dist/tex/generic/pgf/math/pgfmathfunctions.base.code.
tex)
(/usr/share/texlive/texmf-dist/tex/generic/pgf/math/pgfmathfunctions.round.code
.tex)
(/usr/share/texlive/texmf-dist/tex/generic/pgf/math/pgfmathfunctions.misc.code.
tex)
(/usr/share/texlive/texmf-dist/tex/generic/pgf/math/pgfmathfunctions.integerari
thmetics.code.tex)))
(/usr/share/texlive/texmf-dist/tex/generic/pgf/math/pgfmathfloat.code.tex))
(/usr/share/texlive/texmf-dist/tex/generic/pgf/math/pgfint.code.tex)
(/usr/share/texlive/texmf-dist/tex/generic/pgf/basiclayer/pgfcorepoints.code.te
x)
(/usr/share/texlive/texmf-dist/tex/generic/pgf/basiclayer/pgfcorepathconstruct.
code.tex)
(/usr/share/texlive/texmf-dist/tex/generic/pgf/basiclayer/pgfcorepathusage.code
.tex)
(/usr/share/texlive/texmf-dist/tex/generic/pgf/basiclayer/pgfcorescopes.code.te
x)
(/usr/share/texlive/texmf-dist/tex/generic/pgf/basiclayer/pgfcoregraphicstate.c
ode.tex)
(/usr/share/texlive/texmf-dist/tex/generic/pgf/basiclayer/pgfcoretransformation
s.code.tex)
(/usr/share/texlive/texmf-dist/tex/generic/pgf/basiclayer/pgfcorequick.code.tex
)
(/usr/share/texlive/texmf-dist/tex/generic/pgf/basiclayer/pgfcoreobjects.code.t
ex)
(/usr/share/texlive/texmf-dist/tex/generic/pgf/basiclayer/pgfcorepathprocessing
.code.tex)
(/usr/share/texlive/texmf-dist/tex/generic/pgf/basiclayer/pgfcorearrows.code.te
x)
(/usr/share/texlive/texmf-dist/tex/generic/pgf/basiclayer/pgfcoreshade.code.tex
)
(/usr/share/texlive/texmf-dist/tex/generic/pgf/basiclayer/pgfcoreimage.code.tex

(/usr/share/texlive/texmf-dist/tex/generic/pgf/basiclayer/pgfcoreexternal.code.
tex))
(/usr/share/texlive/texmf-dist/tex/generic/pgf/basiclayer/pgfcorelayers.code.te
x)
(/usr/share/texlive/texmf-dist/tex/generic/pgf/basiclayer/pgfcoretransparency.c
ode.tex)
(/usr/share/texlive/texmf-dist/tex/generic/pgf/basiclayer/pgfcorepatterns.code.
tex)
(/usr/share/texlive/texmf-dist/tex/generic/pgf/basiclayer/pgfcorerdf.code.tex))
)
(/usr/share/texlive/texmf-dist/tex/generic/pgf/modules/pgfmoduleshapes.code.tex
) (/usr/share/texlive/texmf-dist/tex/generic/pgf/modules/pgfmoduleplot.code.tex
)
(/usr/share/texlive/texmf-dist/tex/latex/pgf/compatibility/pgfcomp-version-0-65
.sty)
(/usr/share/texlive/texmf-dist/tex/latex/pgf/compatibility/pgfcomp-version-1-18
.sty)) (/usr/share/texlive/texmf-dist/tex/latex/pgf/utilities/pgffor.sty
(/usr/share/texlive/texmf-dist/tex/latex/pgf/utilities/pgfkeys.sty
(/usr/share/texlive/texmf-dist/tex/generic/pgf/utilities/pgfkeys.code.tex))
(/usr/share/texlive/texmf-dist/tex/latex/pgf/math/pgfmath.sty
(/usr/share/texlive/texmf-dist/tex/generic/pgf/math/pgfmath.code.tex))
(/usr/share/texlive/texmf-dist/tex/generic/pgf/utilities/pgffor.code.tex
(/usr/share/texlive/texmf-dist/tex/generic/pgf/math/pgfmath.code.tex)))
(/usr/share/texlive/texmf-dist/tex/generic/pgf/frontendlayer/tikz/tikz.code.tex

(/usr/share/texlive/texmf-dist/tex/generic/pgf/libraries/pgflibraryplothandlers
.code.tex)
(/usr/share/texlive/texmf-dist/tex/generic/pgf/modules/pgfmodulematrix.code.tex
)
(/usr/share/texlive/texmf-dist/tex/generic/pgf/frontendlayer/tikz/libraries/tik
zlibrarytopaths.code.tex)))
(/usr/share/texlive/texmf-dist/tex/generic/pgf/libraries/pgflibraryarrows.meta.
code.tex)
(/usr/share/texlive/texmf-dist/tex/generic/pgf/frontendlayer/tikz/libraries/tik
zlibrarycalc.code.tex)
(/usr/share/texlive/texmf-dist/tex/generic/pgf/frontendlayer/tikz/libraries/tik
zlibrarypositioning.code.tex)
(/usr/share/texlive/texmf-dist/tex/latex/caption/subcaption.sty
(/usr/share/texlive/texmf-dist/tex/latex/caption/caption.sty
(/usr/share/texlive/texmf-dist/tex/latex/caption/caption3.sty)))
(/usr/share/texlive/texmf-dist/tex/latex/booktabs/booktabs.sty)
(/usr/share/texlive/texmf-dist/tex/latex/tools/tabularx.sty
(/usr/share/texlive/texmf-dist/tex/latex/tools/array.sty))
(/usr/share/texlive/texmf-dist/tex/latex/hyperref/hyperref.sty
(/usr/share/texlive/texmf-dist/tex/generic/ltxcmds/ltxcmds.sty)
(/usr/share/texlive/texmf-dist/tex/generic/iftex/iftex.sty)
(/usr/share/texlive/texmf-dist/tex/generic/pdftexcmds/pdftexcmds.sty
(/usr/share/texlive/texmf-dist/tex/generic/infwarerr/infwarerr.sty))
(/usr/share/texlive/texmf-dist/tex/generic/kvsetkeys/kvsetkeys.sty)
(/usr/share/texlive/texmf-dist/tex/generic/kvdefinekeys/kvdefinekeys.sty)
(/usr/share/texlive/texmf-dist/tex/generic/pdfescape/pdfescape.sty)
(/usr/share/texlive/texmf-dist/tex/latex/hycolor/hycolor.sty)
(/usr/share/texlive/texmf-dist/tex/latex/letltxmacro/letltxmacro.sty)
(/usr/share/texlive/texmf-dist/tex/latex/auxhook/auxhook.sty)
(/usr/share/texlive/texmf-dist/tex/latex/kvoptions/kvoptions.sty)
(/usr/share/texlive/texmf-dist/tex/latex/hyperref/pd1enc.def)
(/usr/share/texlive/texmf-dist/tex/latex/hyperref/hyperref-langpatches.def)
(/usr/share/texlive/texmf-dist/tex/generic/intcalc/intcalc.sty)
(/usr/share/texlive/texmf-dist/tex/generic/etexcmds/etexcmds.sty)
(/usr/share/texlive/texmf-dist/tex/latex/hyperref/puenc.def)
(/usr/share/texlive/texmf-dist/tex/latex/url/url.sty)
(/usr/share/texlive/texmf-dist/tex/generic/bitset/bitset.sty
(/usr/share/texlive/texmf-dist/tex/generic/bigintcalc/bigintcalc.sty))
(/usr/share/texlive/texmf-dist/tex/latex/base/atbegshi-ltx.sty))
(/usr/share/texlive/texmf-dist/tex/latex/hyperref/hpdftex.def
(/usr/share/texlive/texmf-dist/tex/latex/base/atveryend-ltx.sty)
(/usr/share/texlive/texmf-dist/tex/latex/rerunfilecheck/rerunfilecheck.sty
(/usr/share/texlive/texmf-dist/tex/generic/uniquecounter/uniquecounter.sty)))
(/usr/share/texlive/texmf-dist/tex/latex/amsmath/amsmath.sty
For additional information on amsmath, use the `?' option.
(/usr/share/texlive/texmf-dist/tex/latex/amsmath/amstext.sty
(/usr/share/texlive/texmf-dist/tex/latex/amsmath/amsgen.sty))
(/usr/share/texlive/texmf-dist/tex/latex/amsmath/amsbsy.sty)
(/usr/share/texlive/texmf-dist/tex/latex/amsmath/amsopn.sty))
(/usr/share/texlive/texmf-dist/tex/latex/amsfonts/amssymb.sty
(/usr/share/texlive/texmf-dist/tex/latex/amsfonts/amsfonts.sty))
(/usr/share/texlive/texmf-dist/tex/latex/mathtools/mathtools.sty
(/usr/share/texlive/texmf-dist/tex/latex/tools/calc.sty)
(/usr/share/texlive/texmf-dist/tex/latex/mathtools/mhsetup.sty))
(/usr/share/texlive/texmf-dist/tex/latex/amscls/amsthm.sty) (./algorithm.sty
Document Style `algorithm' - floating environment
(/usr/share/texlive/texmf-dist/tex/latex/float/float.sty)
(/usr/share/texlive/texmf-dist/tex/latex/base/ifthen.sty)) (./algorithmic.sty
Document Style `algorithmic' - environment
) (/usr/share/texlive/texmf-dist/tex/latex/enumitem/enumitem.sty)
(/usr/share/texlive/texmf-dist/tex/latex/l3backend/l3backend-pdftex.def)
(./main.aux) (/usr/share/texlive/texmf-dist/tex/context/base/mkii/supp-pdf.mkii

[Loading MPS to PDF converter (version 2006.09.02).]
) (/usr/share/texlive/texmf-dist/tex/latex/epstopdf-pkg/epstopdf-base.sty
(/usr/share/texlive/texmf-dist/tex/latex/latexconfig/epstopdf-sys.cfg))
(/usr/share/texlive/texmf-dist/tex/latex/microtype/mt-ptm.cfg)
(/usr/share/texlive/texmf-dist/tex/latex/hyperref/nameref.sty
(/usr/share/texlive/texmf-dist/tex/latex/refcount/refcount.sty)
(/usr/share/texlive/texmf-dist/tex/generic/gettitlestring/gettitlestring.sty))
(./main.out) (./main.out)
(/usr/share/texlive/texmf-dist/tex/latex/microtype/mt-cmr.cfg)
(/usr/share/texlive/texmf-dist/tex/latex/amsfonts/umsa.fd)
(/usr/share/texlive/texmf-dist/tex/latex/microtype/mt-msa.cfg)
(/usr/share/texlive/texmf-dist/tex/latex/amsfonts/umsb.fd)
(/usr/share/texlive/texmf-dist/tex/latex/microtype/mt-msb.cfg) [1{/usr/share/te
xlive/texmf-dist/fonts/map/pdftex/updmap/pdftex.map}]
(/usr/share/texlive/texmf-dist/tex/latex/psnfss/ts1ptm.fd)
(./figures/trm_to_mdp_bridge.tex) [2]
Underfull \vbox (badness 4713) has occurred while \output is active [3]
[4]

Package hyperref Warning: Token not allowed in a PDF string (Unicode):
(hyperref)                removing `math shift' on input line 240.


Package hyperref Warning: Token not allowed in a PDF string (Unicode):
(hyperref)                removing `math shift' on input line 240.

[5] [6] [7]

Package hyperref Warning: Token not allowed in a PDF string (Unicode):
(hyperref)                removing `math shift' on input line 456.


Package hyperref Warning: Token not allowed in a PDF string (Unicode):
(hyperref)                removing `\times' on input line 456.


Package hyperref Warning: Token not allowed in a PDF string (Unicode):
(hyperref)                removing `math shift' on input line 456.


Underfull \vbox (badness 10000) has occurred while \output is active [8]
(./main.bbl
Underfull \vbox (badness 10000) has occurred while \output is active [9]
(/usr/share/texlive/texmf-dist/tex/latex/psnfss/t1pcr.fd)
Underfull \hbox (badness 5161) in paragraph at lines 73--77
[]\T1/ptm/m/n/10 (+20) Kevin Klein.  Su-doku #3: Poor man's RL.  []$\T1/pcr/m/n
/10 https : / / kevinkle . in / posts /
[10]) [11]
Underfull \hbox (badness 4303) in paragraph at lines 548--549
[][]\T1/ptm/b/n/10 (+20) Assumption A.1 \T1/ptm/m/n/10 (+20) (Bounded re-wards)
\T1/ptm/b/n/10 (+20) . []\T1/ptm/m/n/10 (+20) Potential-shaped re-wards are uni
-formly bounded:

Package hyperref Warning: Token not allowed in a PDF string (Unicode):
(hyperref)                removing `math shift' on input line 621.


Package hyperref Warning: Token not allowed in a PDF string (Unicode):
(hyperref)                removing `math shift' on input line 621.


Package hyperref Warning: Token not allowed in a PDF string (Unicode):
(hyperref)                removing `math shift' on input line 624.


Package hyperref Warning: Token not allowed in a PDF string (Unicode):
(hyperref)                removing `math shift' on input line 624.

[12] [13] [14] [15 <./results/finite_mdp_certificate/fig_value_decomposition.pn
g> <./results/finite_mdp_certificate/fig_cpi_certificate.png>]
(./tables/table_exp1_value_head_lipschitz.tex) [16]

Package hyperref Warning: Token not allowed in a PDF string (Unicode):
(hyperref)                removing `math shift' on input line 911.


Package hyperref Warning: Token not allowed in a PDF string (Unicode):
(hyperref)                removing `\leavevmode@ifvmode' on input line 911.


Package hyperref Warning: Token not allowed in a PDF string (Unicode):
(hyperref)                \kern -1.66702pt
(hyperref)                removed on input line 911.


Package hyperref Warning: Token not allowed in a PDF string (Unicode):
(hyperref)                removing `\to' on input line 911.


Package hyperref Warning: Token not allowed in a PDF string (Unicode):
(hyperref)                removing `\leavevmode@ifvmode' on input line 911.


Package hyperref Warning: Token not allowed in a PDF string (Unicode):
(hyperref)                \kern -1.66702pt
(hyperref)                removed on input line 911.


Package hyperref Warning: Token not allowed in a PDF string (Unicode):
(hyperref)                removing `math shift' on input line 911.

[17] (./tables/table_exp1_unroll_sensitivity.tex)
(./tables/table_exp1_radius_sweep_main.tex)

Package hyperref Warning: Token not allowed in a PDF string (Unicode):
(hyperref)                removing `math shift' on input line 987.


Package hyperref Warning: Token not allowed in a PDF string (Unicode):
(hyperref)                removing `math shift' on input line 987.

[18] (./tables/table_exp1_radius_sweep_appendix.tex)
Underfull \hbox (badness 10000) in paragraph at lines 1048--1050
\T1/ptm/m/n/10 (+20) All mod-els are trained on the same 4$\OMS/cmsy/m/n/10 ^^B
$\T1/ptm/m/n/10 (+20) 4 Su-doku suite (1--4 emp-ties) with
(./tables/table_exp2_dial_does_not_control_Lz.tex)
(./tables/table_exp2_projection_effect.tex) [19] [20 <./figures/fig_exp1_finite
_r_primary_b0.png> <./figures/fig_exp1_finite_r_mechanism_b0.png> <./figures/fi
g_exp1_finite_r_theory_b0.png>] [21 <./figures/fig_exp1_unroll_sensitivity_appe
ndix.pdf> <./figures/fig_exp1_radius_sweep_appendix.pdf> <./figures/fig_exp2_di
al_does_not_control_Lz.pdf>]
(./tables/table_exp4_projection_free_dial_range_test.tex)
(./tables/table_exp3_projection_ablation.tex)
(./tables/table_exp4_projection_free_dial_v2.tex [22 <./figures/fig_exp2_projec
tion_is_primary_stabilizer.pdf>]) (./tables/table_exp5_tradeoff_curve.tex)

Package hyperref Warning: Token not allowed in a PDF string (Unicode):
(hyperref)                removing `math shift' on input line 1139.


Package hyperref Warning: Token not allowed in a PDF string (Unicode):
(hyperref)                removing `\times' on input line 1139.


Package hyperref Warning: Token not allowed in a PDF string (Unicode):
(hyperref)                removing `math shift' on input line 1139.


Package hyperref Warning: Token not allowed in a PDF string (Unicode):
(hyperref)                removing `math shift' on input line 1153.


Package hyperref Warning: Token not allowed in a PDF string (Unicode):
(hyperref)                removing `\times' on input line 1153.


Package hyperref Warning: Token not allowed in a PDF string (Unicode):
(hyperref)                removing `math shift' on input line 1153.


Package hyperref Warning: Token not allowed in a PDF string (Unicode):
(hyperref)                removing `math shift' on input line 1153.


Package hyperref Warning: Token not allowed in a PDF string (Unicode):
(hyperref)                removing `\times' on input line 1153.


Package hyperref Warning: Token not allowed in a PDF string (Unicode):
(hyperref)                removing `math shift' on input line 1153.

[23]

Package hyperref Warning: Token not allowed in a PDF string (Unicode):
(hyperref)                removing `math shift' on input line 1192.


Package hyperref Warning: Token not allowed in a PDF string (Unicode):
(hyperref)                removing `\times' on input line 1192.


Package hyperref Warning: Token not allowed in a PDF string (Unicode):
(hyperref)                removing `math shift' on input line 1192.


Package hyperref Warning: Token not allowed in a PDF string (Unicode):
(hyperref)                removing `math shift' on input line 1192.


Package hyperref Warning: Token not allowed in a PDF string (Unicode):
(hyperref)                removing `\times' on input line 1192.


Package hyperref Warning: Token not allowed in a PDF string (Unicode):
(hyperref)                removing `math shift' on input line 1192.

[24] [25 <./figures/fig_exp5_L_vs_metrics.pdf>] [26 <./figures/table3_hard_cont
rolled_curves.pdf>] [27 <./figures/fig_exp1_unroll_sensitivity_main.pdf> <./fig
ures/table3_hard_controlled_2x2_bar.pdf>]

Package hyperref Warning: Token not allowed in a PDF string (Unicode):
(hyperref)                removing `math shift' on input line 1258.


Package hyperref Warning: Token not allowed in a PDF string (Unicode):
(hyperref)                removing `math shift' on input line 1258.


Underfull \vbox (badness 2653) has occurred while \output is active [28]
[29] [30] [31] [32] [33] [34] [35] [36] [37] [38] [39] [40] (./main.aux) )
(see the transcript file for additional information){/usr/share/texlive/texmf-d
ist/fonts/enc/dvips/base/8r.enc}</usr/share/texlive/texmf-dist/fonts/type1/publ
ic/amsfonts/cm/cmex10.pfb></usr/share/texlive/texmf-dist/fonts/type1/public/ams
fonts/cmextra/cmex9.pfb></usr/share/texlive/texmf-dist/fonts/type1/public/amsfo
nts/cm/cmmi10.pfb></usr/share/texlive/texmf-dist/fonts/type1/public/amsfonts/cm
/cmmi12.pfb></usr/share/texlive/texmf-dist/fonts/type1/public/amsfonts/cm/cmmi5
.pfb></usr/share/texlive/texmf-dist/fonts/type1/public/amsfonts/cm/cmmi6.pfb></
usr/share/texlive/texmf-dist/fonts/type1/public/amsfonts/cm/cmmi7.pfb></usr/sha
re/texlive/texmf-dist/fonts/type1/public/amsfonts/cm/cmmi9.pfb></usr/share/texl
ive/texmf-dist/fonts/type1/public/amsfonts/cm/cmr10.pfb></usr/share/texlive/tex
mf-dist/fonts/type1/public/amsfonts/cm/cmr5.pfb></usr/share/texlive/texmf-dist/
fonts/type1/public/amsfonts/cm/cmr6.pfb></usr/share/texlive/texmf-dist/fonts/ty
pe1/public/amsfonts/cm/cmr7.pfb></usr/share/texlive/texmf-dist/fonts/type1/publ
ic/amsfonts/cm/cmr9.pfb></usr/share/texlive/texmf-dist/fonts/type1/public/amsfo
nts/cm/cmsy10.pfb></usr/share/texlive/texmf-dist/fonts/type1/public/amsfonts/cm
/cmsy5.pfb></usr/share/texlive/texmf-dist/fonts/type1/public/amsfonts/cm/cmsy6.
pfb></usr/share/texlive/texmf-dist/fonts/type1/public/amsfonts/cm/cmsy7.pfb></u
sr/share/texlive/texmf-dist/fonts/type1/public/amsfonts/cm/cmsy9.pfb></usr/shar
e/texlive/texmf-dist/fonts/type1/public/amsfonts/cm/cmti9.pfb></usr/share/texli
ve/texmf-dist/fonts/type1/public/amsfonts/symbols/msam10.pfb></usr/share/texliv
e/texmf-dist/fonts/type1/public/amsfonts/symbols/msbm10.pfb></usr/share/texlive
/texmf-dist/fonts/type1/urw/courier/ucrr8a.pfb></usr/share/texlive/texmf-dist/f
onts/type1/urw/helvetic/uhvb8a.pfb></usr/share/texlive/texmf-dist/fonts/type1/u
rw/times/utmb8a.pfb></usr/share/texlive/texmf-dist/fonts/type1/urw/times/utmr8a
.pfb></usr/share/texlive/texmf-dist/fonts/type1/urw/times/utmri8a.pfb>
Output written on main.pdf (40 pages, 1363580 bytes).
Transcript written on main.log.
